condition,eta,delta,metadata_path,case,episode,rollout_path,cutting_error_volume,part_remaining_rate,part_occupancy_rate,num_steps,step_cutting_error_volumes,step_part_remaining_rates,step_part_occupancy_rates,execution_error_enabled,execution_error_mode,execution_error_seed,cases_name,num_episodes_config,task_step_config,epoch,infer_model,control_mode,num_steps_with_shift,mean_abs_sampled_shift,mean_abs_applied_shift,max_abs_sampled_shift,max_abs_applied_shift
eta_0p0_delta_0,0.0,0,/home/dev/workspace/dataset/nedo_dismantling_log/eval/unet_D64_T1000_S20_simple_20260504_204421/simple_A_T8_N6_eta0p0_D0_E100000/epsilon_greedy_00/condition_metadata.yaml,Object_4,0,/home/dev/workspace/dataset/nedo_dismantling_log/eval/unet_D64_T1000_S20_simple_20260504_204421/simple_A_T8_N6_eta0p0_D0_E100000/epsilon_greedy_00/Object_4/episode_0/rollout_data.pickle,0.0,100.0,19.999999833333334,8,"[0.0, 0.0, 0.0, 0.0, 0.0, 0.0, 0.0, 0.0]","[100.0, 100.0, 100.0, 100.0, 100.0, 100.0, 100.0, 100.0]","[0.8522727269700736, 1.7045454533348399, 3.0303030264768904, 6.666666648148148, 14.99999990625, 19.999999833333334, 19.999999833333334, 19.999999833333334]",True,boundary_uniform,0,simple_A,6,8,100000,conditional_diffusion,epsilon_greedy_00,0,0.0,0.0,0.0,0.0
eta_0p0_delta_0,0.0,0,/home/dev/workspace/dataset/nedo_dismantling_log/eval/unet_D64_T1000_S20_simple_20260504_204421/simple_A_T8_N6_eta0p0_D0_E100000/epsilon_greedy_00/condition_metadata.yaml,Object_4,1,/home/dev/workspace/dataset/nedo_dismantling_log/eval/unet_D64_T1000_S20_simple_20260504_204421/simple_A_T8_N6_eta0p0_D0_E100000/epsilon_greedy_00/Object_4/episode_1/rollout_data.pickle,0.0,100.0,19.999999833333334,8,"[0.0, 0.0, 0.0, 0.0, 0.0, 0.0, 0.0, 0.0]","[100.0, 100.0, 100.0, 100.0, 100.0, 100.0, 100.0, 100.0]","[19.999999833333334, 19.999999833333334, 19.999999833333334, 19.999999833333334, 19.999999833333334, 19.999999833333334, 19.999999833333334, 19.999999833333334]",True,boundary_uniform,0,simple_A,6,8,100000,conditional_diffusion,epsilon_greedy_00,0,0.0,0.0,0.0,0.0
eta_0p0_delta_0,0.0,0,/home/dev/workspace/dataset/nedo_dismantling_log/eval/unet_D64_T1000_S20_simple_20260504_204421/simple_A_T8_N6_eta0p0_D0_E100000/epsilon_greedy_00/condition_metadata.yaml,Object_4,2,/home/dev/workspace/dataset/nedo_dismantling_log/eval/unet_D64_T1000_S20_simple_20260504_204421/simple_A_T8_N6_eta0p0_D0_E100000/epsilon_greedy_00/Object_4/episode_2/rollout_data.pickle,0.0,100.0,19.999999833333334,8,"[0.0, 0.0, 0.0, 0.0, 0.0, 0.0, 0.0, 0.0]","[100.0, 100.0, 100.0, 100.0, 100.0, 100.0, 100.0, 100.0]","[19.999999833333334, 19.999999833333334, 19.999999833333334, 19.999999833333334, 19.999999833333334, 19.999999833333334, 19.999999833333334, 19.999999833333334]",True,boundary_uniform,0,simple_A,6,8,100000,conditional_diffusion,epsilon_greedy_00,0,0.0,0.0,0.0,0.0
eta_0p0_delta_0,0.0,0,/home/dev/workspace/dataset/nedo_dismantling_log/eval/unet_D64_T1000_S20_simple_20260504_204421/simple_A_T8_N6_eta0p0_D0_E100000/epsilon_greedy_00/condition_metadata.yaml,Object_4,3,/home/dev/workspace/dataset/nedo_dismantling_log/eval/unet_D64_T1000_S20_simple_20260504_204421/simple_A_T8_N6_eta0p0_D0_E100000/epsilon_greedy_00/Object_4/episode_3/rollout_data.pickle,0.0,100.0,19.999999833333334,8,"[0.0, 0.0, 0.0, 0.0, 0.0, 0.0, 0.0, 0.0]","[100.0, 100.0, 100.0, 100.0, 100.0, 100.0, 100.0, 100.0]","[19.999999833333334, 19.999999833333334, 19.999999833333334, 19.999999833333334, 19.999999833333334, 19.999999833333334, 19.999999833333334, 19.999999833333334]",True,boundary_uniform,0,simple_A,6,8,100000,conditional_diffusion,epsilon_greedy_00,0,0.0,0.0,0.0,0.0
eta_0p0_delta_0,0.0,0,/home/dev/workspace/dataset/nedo_dismantling_log/eval/unet_D64_T1000_S20_simple_20260504_204421/simple_A_T8_N6_eta0p0_D0_E100000/epsilon_greedy_00/condition_metadata.yaml,Object_4,4,/home/dev/workspace/dataset/nedo_dismantling_log/eval/unet_D64_T1000_S20_simple_20260504_204421/simple_A_T8_N6_eta0p0_D0_E100000/epsilon_greedy_00/Object_4/episode_4/rollout_data.pickle,0.0,100.0,19.999999833333334,8,"[0.0, 0.0, 0.0, 0.0, 0.0, 0.0, 0.0, 0.0]","[100.0, 100.0, 100.0, 100.0, 100.0, 100.0, 100.0, 100.0]","[19.999999833333334, 19.999999833333334, 19.999999833333334, 19.999999833333334, 19.999999833333334, 19.999999833333334, 19.999999833333334, 19.999999833333334]",True,boundary_uniform,0,simple_A,6,8,100000,conditional_diffusion,epsilon_greedy_00,0,0.0,0.0,0.0,0.0
eta_0p0_delta_0,0.0,0,/home/dev/workspace/dataset/nedo_dismantling_log/eval/unet_D64_T1000_S20_simple_20260504_204421/simple_A_T8_N6_eta0p0_D0_E100000/epsilon_greedy_00/condition_metadata.yaml,Object_4,5,/home/dev/workspace/dataset/nedo_dismantling_log/eval/unet_D64_T1000_S20_simple_20260504_204421/simple_A_T8_N6_eta0p0_D0_E100000/epsilon_greedy_00/Object_4/episode_5/rollout_data.pickle,0.0,100.0,19.999999833333334,8,"[0.0, 0.0, 0.0, 0.0, 0.0, 0.0, 0.0, 0.0]","[100.0, 100.0, 100.0, 100.0, 100.0, 100.0, 100.0, 100.0]","[19.999999833333334, 19.999999833333334, 19.999999833333334, 19.999999833333334, 19.999999833333334, 19.999999833333334, 19.999999833333334, 19.999999833333334]",True,boundary_uniform,0,simple_A,6,8,100000,conditional_diffusion,epsilon_greedy_00,0,0.0,0.0,0.0,0.0
eta_0p0_delta_0,0.0,0,/home/dev/workspace/dataset/nedo_dismantling_log/eval/unet_D64_T1000_S20_simple_20260504_204421/simple_A_T8_N6_eta0p0_D0_E100000/epsilon_greedy_00/condition_metadata.yaml,Object_5,0,/home/dev/workspace/dataset/nedo_dismantling_log/eval/unet_D64_T1000_S20_simple_20260504_204421/simple_A_T8_N6_eta0p0_D0_E100000/epsilon_greedy_00/Object_5/episode_0/rollout_data.pickle,0.0,100.0,29.99999975,8,"[0.0, 0.0, 0.0, 0.0, 0.0, 0.0, 0.0, 0.0]","[100.0, 100.0, 100.0, 100.0, 100.0, 100.0, 100.0, 100.0]","[1.2784090904551104, 2.5568181800022596, 4.545454539715335, 8.33333331404321, 18.74999990234375, 24.99999982638889, 29.99999975, 29.99999975]",True,boundary_uniform,0,simple_A,6,8,100000,conditional_diffusion,epsilon_greedy_00,0,0.0,0.0,0.0,0.0
eta_0p0_delta_0,0.0,0,/home/dev/workspace/dataset/nedo_dismantling_log/eval/unet_D64_T1000_S20_simple_20260504_204421/simple_A_T8_N6_eta0p0_D0_E100000/epsilon_greedy_00/condition_metadata.yaml,Object_5,1,/home/dev/workspace/dataset/nedo_dismantling_log/eval/unet_D64_T1000_S20_simple_20260504_204421/simple_A_T8_N6_eta0p0_D0_E100000/epsilon_greedy_00/Object_5/episode_1/rollout_data.pickle,0.0,100.0,29.99999975,8,"[0.0, 0.0, 0.0, 0.0, 0.0, 0.0, 0.0, 0.0]","[100.0, 100.0, 100.0, 100.0, 100.0, 100.0, 100.0, 100.0]","[29.99999975, 29.99999975, 29.99999975, 29.99999975, 29.99999975, 29.99999975, 29.99999975, 29.99999975]",True,boundary_uniform,0,simple_A,6,8,100000,conditional_diffusion,epsilon_greedy_00,0,0.0,0.0,0.0,0.0
eta_0p0_delta_0,0.0,0,/home/dev/workspace/dataset/nedo_dismantling_log/eval/unet_D64_T1000_S20_simple_20260504_204421/simple_A_T8_N6_eta0p0_D0_E100000/epsilon_greedy_00/condition_metadata.yaml,Object_5,2,/home/dev/workspace/dataset/nedo_dismantling_log/eval/unet_D64_T1000_S20_simple_20260504_204421/simple_A_T8_N6_eta0p0_D0_E100000/epsilon_greedy_00/Object_5/episode_2/rollout_data.pickle,0.0,100.0,29.99999975,8,"[0.0, 0.0, 0.0, 0.0, 0.0, 0.0, 0.0, 0.0]","[100.0, 100.0, 100.0, 100.0, 100.0, 100.0, 100.0, 100.0]","[29.99999975, 29.99999975, 29.99999975, 29.99999975, 29.99999975, 29.99999975, 29.99999975, 29.99999975]",True,boundary_uniform,0,simple_A,6,8,100000,conditional_diffusion,epsilon_greedy_00,0,0.0,0.0,0.0,0.0
eta_0p0_delta_0,0.0,0,/home/dev/workspace/dataset/nedo_dismantling_log/eval/unet_D64_T1000_S20_simple_20260504_204421/simple_A_T8_N6_eta0p0_D0_E100000/epsilon_greedy_00/condition_metadata.yaml,Object_5,3,/home/dev/workspace/dataset/nedo_dismantling_log/eval/unet_D64_T1000_S20_simple_20260504_204421/simple_A_T8_N6_eta0p0_D0_E100000/epsilon_greedy_00/Object_5/episode_3/rollout_data.pickle,0.0,100.0,37.49999960937501,8,"[0.0, 0.0, 0.0, 0.0, 0.0, 0.0, 0.0, 0.0]","[100.0, 100.0, 100.0, 100.0, 100.0, 100.0, 100.0, 100.0]","[29.99999975, 29.99999975, 29.99999975, 29.99999975, 29.99999975, 29.99999975, 29.99999975, 37.49999960937501]",True,boundary_uniform,0,simple_A,6,8,100000,conditional_diffusion,epsilon_greedy_00,0,0.0,0.0,0.0,0.0
eta_0p0_delta_0,0.0,0,/home/dev/workspace/dataset/nedo_dismantling_log/eval/unet_D64_T1000_S20_simple_20260504_204421/simple_A_T8_N6_eta0p0_D0_E100000/epsilon_greedy_00/condition_metadata.yaml,Object_5,4,/home/dev/workspace/dataset/nedo_dismantling_log/eval/unet_D64_T1000_S20_simple_20260504_204421/simple_A_T8_N6_eta0p0_D0_E100000/epsilon_greedy_00/Object_5/episode_4/rollout_data.pickle,0.0,100.0,37.49999960937501,8,"[0.0, 0.0, 0.0, 0.0, 0.0, 0.0, 0.0, 0.0]","[100.0, 100.0, 100.0, 100.0, 100.0, 100.0, 100.0, 100.0]","[37.49999960937501, 37.49999960937501, 37.49999960937501, 37.49999960937501, 37.49999960937501, 37.49999960937501, 37.49999960937501, 37.49999960937501]",True,boundary_uniform,0,simple_A,6,8,100000,conditional_diffusion,epsilon_greedy_00,0,0.0,0.0,0.0,0.0
eta_0p0_delta_0,0.0,0,/home/dev/workspace/dataset/nedo_dismantling_log/eval/unet_D64_T1000_S20_simple_20260504_204421/simple_A_T8_N6_eta0p0_D0_E100000/epsilon_greedy_00/condition_metadata.yaml,Object_5,5,/home/dev/workspace/dataset/nedo_dismantling_log/eval/unet_D64_T1000_S20_simple_20260504_204421/simple_A_T8_N6_eta0p0_D0_E100000/epsilon_greedy_00/Object_5/episode_5/rollout_data.pickle,0.0,100.0,37.49999960937501,8,"[0.0, 0.0, 0.0, 0.0, 0.0, 0.0, 0.0, 0.0]","[100.0, 100.0, 100.0, 100.0, 100.0, 100.0, 100.0, 100.0]","[37.49999960937501, 37.49999960937501, 37.49999960937501, 37.49999960937501, 37.49999960937501, 37.49999960937501, 37.49999960937501, 37.49999960937501]",True,boundary_uniform,0,simple_A,6,8,100000,conditional_diffusion,epsilon_greedy_00,0,0.0,0.0,0.0,0.0
eta_0p0_delta_0,0.0,0,/home/dev/workspace/dataset/nedo_dismantling_log/eval/unet_D64_T1000_S20_simple_20260504_204421/simple_A_T8_N6_eta0p0_D0_E100000/epsilon_greedy_00/condition_metadata.yaml,Object_6,0,/home/dev/workspace/dataset/nedo_dismantling_log/eval/unet_D64_T1000_S20_simple_20260504_204421/simple_A_T8_N6_eta0p0_D0_E100000/epsilon_greedy_00/Object_6/episode_0/rollout_data.pickle,0.0,100.0,23.99999988,8,"[0.0, 0.0, 0.0, 0.0, 0.0, 0.0, 0.0, 0.0]","[100.0, 100.0, 100.0, 100.0, 100.0, 100.0, 100.0, 100.0]","[1.7045454539401472, 3.03030302838996, 5.555555549125515, 9.999999979166667, 10.666666642962962, 17.777777711934156, 21.33333323851852, 23.99999988]",True,boundary_uniform,0,simple_A,6,8,100000,conditional_diffusion,epsilon_greedy_00,0,0.0,0.0,0.0,0.0
eta_0p0_delta_0,0.0,0,/home/dev/workspace/dataset/nedo_dismantling_log/eval/unet_D64_T1000_S20_simple_20260504_204421/simple_A_T8_N6_eta0p0_D0_E100000/epsilon_greedy_00/condition_metadata.yaml,Object_6,1,/home/dev/workspace/dataset/nedo_dismantling_log/eval/unet_D64_T1000_S20_simple_20260504_204421/simple_A_T8_N6_eta0p0_D0_E100000/epsilon_greedy_00/Object_6/episode_1/rollout_data.pickle,0.0,100.0,31.999999786666667,8,"[0.0, 0.0, 0.0, 0.0, 0.0, 0.0, 0.0, 0.0]","[100.0, 100.0, 100.0, 100.0, 100.0, 100.0, 100.0, 100.0]","[23.99999988, 23.99999988, 27.428571271836738, 31.999999786666667, 31.999999786666667, 31.999999786666667, 31.999999786666667, 31.999999786666667]",True,boundary_uniform,0,simple_A,6,8,100000,conditional_diffusion,epsilon_greedy_00,0,0.0,0.0,0.0,0.0
eta_0p0_delta_0,0.0,0,/home/dev/workspace/dataset/nedo_dismantling_log/eval/unet_D64_T1000_S20_simple_20260504_204421/simple_A_T8_N6_eta0p0_D0_E100000/epsilon_greedy_00/condition_metadata.yaml,Object_6,2,/home/dev/workspace/dataset/nedo_dismantling_log/eval/unet_D64_T1000_S20_simple_20260504_204421/simple_A_T8_N6_eta0p0_D0_E100000/epsilon_greedy_00/Object_6/episode_2/rollout_data.pickle,0.0,100.0,31.999999786666667,8,"[0.0, 0.0, 0.0, 0.0, 0.0, 0.0, 0.0, 0.0]","[100.0, 100.0, 100.0, 100.0, 100.0, 100.0, 100.0, 100.0]","[31.999999786666667, 31.999999786666667, 31.999999786666667, 31.999999786666667, 31.999999786666667, 31.999999786666667, 31.999999786666667, 31.999999786666667]",True,boundary_uniform,0,simple_A,6,8,100000,conditional_diffusion,epsilon_greedy_00,0,0.0,0.0,0.0,0.0
eta_0p0_delta_0,0.0,0,/home/dev/workspace/dataset/nedo_dismantling_log/eval/unet_D64_T1000_S20_simple_20260504_204421/simple_A_T8_N6_eta0p0_D0_E100000/epsilon_greedy_00/condition_metadata.yaml,Object_6,3,/home/dev/workspace/dataset/nedo_dismantling_log/eval/unet_D64_T1000_S20_simple_20260504_204421/simple_A_T8_N6_eta0p0_D0_E100000/epsilon_greedy_00/Object_6/episode_3/rollout_data.pickle,0.0,100.0,31.999999786666667,8,"[0.0, 0.0, 0.0, 0.0, 0.0, 0.0, 0.0, 0.0]","[100.0, 100.0, 100.0, 100.0, 100.0, 100.0, 100.0, 100.0]","[31.999999786666667, 31.999999786666667, 31.999999786666667, 31.999999786666667, 31.999999786666667, 31.999999786666667, 31.999999786666667, 31.999999786666667]",True,boundary_uniform,0,simple_A,6,8,100000,conditional_diffusion,epsilon_greedy_00,0,0.0,0.0,0.0,0.0
eta_0p0_delta_0,0.0,0,/home/dev/workspace/dataset/nedo_dismantling_log/eval/unet_D64_T1000_S20_simple_20260504_204421/simple_A_T8_N6_eta0p0_D0_E100000/epsilon_greedy_00/condition_metadata.yaml,Object_6,4,/home/dev/workspace/dataset/nedo_dismantling_log/eval/unet_D64_T1000_S20_simple_20260504_204421/simple_A_T8_N6_eta0p0_D0_E100000/epsilon_greedy_00/Object_6/episode_4/rollout_data.pickle,0.0,100.0,31.999999786666667,8,"[0.0, 0.0, 0.0, 0.0, 0.0, 0.0, 0.0, 0.0]","[100.0, 100.0, 100.0, 100.0, 100.0, 100.0, 100.0, 100.0]","[31.999999786666667, 31.999999786666667, 31.999999786666667, 31.999999786666667, 31.999999786666667, 31.999999786666667, 31.999999786666667, 31.999999786666667]",True,boundary_uniform,0,simple_A,6,8,100000,conditional_diffusion,epsilon_greedy_00,0,0.0,0.0,0.0,0.0
eta_0p0_delta_0,0.0,0,/home/dev/workspace/dataset/nedo_dismantling_log/eval/unet_D64_T1000_S20_simple_20260504_204421/simple_A_T8_N6_eta0p0_D0_E100000/epsilon_greedy_00/condition_metadata.yaml,Object_6,5,/home/dev/workspace/dataset/nedo_dismantling_log/eval/unet_D64_T1000_S20_simple_20260504_204421/simple_A_T8_N6_eta0p0_D0_E100000/epsilon_greedy_00/Object_6/episode_5/rollout_data.pickle,0.0,100.0,31.999999786666667,8,"[0.0, 0.0, 0.0, 0.0, 0.0, 0.0, 0.0, 0.0]","[100.0, 100.0, 100.0, 100.0, 100.0, 100.0, 100.0, 100.0]","[31.999999786666667, 31.999999786666667, 31.999999786666667, 31.999999786666667, 31.999999786666667, 31.999999786666667, 31.999999786666667, 31.999999786666667]",True,boundary_uniform,0,simple_A,6,8,100000,conditional_diffusion,epsilon_greedy_00,0,0.0,0.0,0.0,0.0
eta_0p5_delta_0,0.5,0,/home/dev/workspace/dataset/nedo_dismantling_log/eval/unet_D64_T1000_S20_simple_20260504_204421/simple_A_T8_N6_eta0p5_D0_E100000/epsilon_greedy_00/condition_metadata.yaml,Object_4,0,/home/dev/workspace/dataset/nedo_dismantling_log/eval/unet_D64_T1000_S20_simple_20260504_204421/simple_A_T8_N6_eta0p5_D0_E100000/epsilon_greedy_00/Object_4/episode_0/rollout_data.pickle,0.0,100.0,29.999999625000008,8,"[0.0, 0.0, 0.0, 0.0, 0.0, 0.0, 0.0, 0.0]","[100.0, 100.0, 100.0, 100.0, 100.0, 100.0, 100.0, 100.0]","[0.8522727269700736, 1.7045454533348399, 3.0303030264768904, 6.666666648148148, 14.99999990625, 23.999999760000005, 23.999999760000005, 29.999999625000008]",True,boundary_uniform,0,simple_A,6,8,100000,conditional_diffusion,epsilon_greedy_00,0,0.0,0.0,0.0,0.0
eta_0p5_delta_0,0.5,0,/home/dev/workspace/dataset/nedo_dismantling_log/eval/unet_D64_T1000_S20_simple_20260504_204421/simple_A_T8_N6_eta0p5_D0_E100000/epsilon_greedy_00/condition_metadata.yaml,Object_4,1,/home/dev/workspace/dataset/nedo_dismantling_log/eval/unet_D64_T1000_S20_simple_20260504_204421/simple_A_T8_N6_eta0p5_D0_E100000/epsilon_greedy_00/Object_4/episode_1/rollout_data.pickle,0.0,100.0,29.999999625000008,8,"[0.0, 0.0, 0.0, 0.0, 0.0, 0.0, 0.0, 0.0]","[100.0, 100.0, 100.0, 100.0, 100.0, 100.0, 100.0, 100.0]","[29.999999625000008, 29.999999625000008, 29.999999625000008, 29.999999625000008, 29.999999625000008, 29.999999625000008, 29.999999625000008, 29.999999625000008]",True,boundary_uniform,0,simple_A,6,8,100000,conditional_diffusion,epsilon_greedy_00,0,0.0,0.0,0.0,0.0
eta_0p5_delta_0,0.5,0,/home/dev/workspace/dataset/nedo_dismantling_log/eval/unet_D64_T1000_S20_simple_20260504_204421/simple_A_T8_N6_eta0p5_D0_E100000/epsilon_greedy_00/condition_metadata.yaml,Object_4,2,/home/dev/workspace/dataset/nedo_dismantling_log/eval/unet_D64_T1000_S20_simple_20260504_204421/simple_A_T8_N6_eta0p5_D0_E100000/epsilon_greedy_00/Object_4/episode_2/rollout_data.pickle,0.0,100.0,29.999999625000008,8,"[0.0, 0.0, 0.0, 0.0, 0.0, 0.0, 0.0, 0.0]","[100.0, 100.0, 100.0, 100.0, 100.0, 100.0, 100.0, 100.0]","[29.999999625000008, 29.999999625000008, 29.999999625000008, 29.999999625000008, 29.999999625000008, 29.999999625000008, 29.999999625000008, 29.999999625000008]",True,boundary_uniform,0,simple_A,6,8,100000,conditional_diffusion,epsilon_greedy_00,0,0.0,0.0,0.0,0.0
eta_0p5_delta_0,0.5,0,/home/dev/workspace/dataset/nedo_dismantling_log/eval/unet_D64_T1000_S20_simple_20260504_204421/simple_A_T8_N6_eta0p5_D0_E100000/epsilon_greedy_00/condition_metadata.yaml,Object_4,3,/home/dev/workspace/dataset/nedo_dismantling_log/eval/unet_D64_T1000_S20_simple_20260504_204421/simple_A_T8_N6_eta0p5_D0_E100000/epsilon_greedy_00/Object_4/episode_3/rollout_data.pickle,0.0,100.0,29.999999625000008,8,"[0.0, 0.0, 0.0, 0.0, 0.0, 0.0, 0.0, 0.0]","[100.0, 100.0, 100.0, 100.0, 100.0, 100.0, 100.0, 100.0]","[29.999999625000008, 29.999999625000008, 29.999999625000008, 29.999999625000008, 29.999999625000008, 29.999999625000008, 29.999999625000008, 29.999999625000008]",True,boundary_uniform,0,simple_A,6,8,100000,conditional_diffusion,epsilon_greedy_00,0,0.0,0.0,0.0,0.0
eta_0p5_delta_0,0.5,0,/home/dev/workspace/dataset/nedo_dismantling_log/eval/unet_D64_T1000_S20_simple_20260504_204421/simple_A_T8_N6_eta0p5_D0_E100000/epsilon_greedy_00/condition_metadata.yaml,Object_4,4,/home/dev/workspace/dataset/nedo_dismantling_log/eval/unet_D64_T1000_S20_simple_20260504_204421/simple_A_T8_N6_eta0p5_D0_E100000/epsilon_greedy_00/Object_4/episode_4/rollout_data.pickle,0.0,100.0,29.999999625000008,8,"[0.0, 0.0, 0.0, 0.0, 0.0, 0.0, 0.0, 0.0]","[100.0, 100.0, 100.0, 100.0, 100.0, 100.0, 100.0, 100.0]","[29.999999625000008, 29.999999625000008, 29.999999625000008, 29.999999625000008, 29.999999625000008, 29.999999625000008, 29.999999625000008, 29.999999625000008]",True,boundary_uniform,0,simple_A,6,8,100000,conditional_diffusion,epsilon_greedy_00,0,0.0,0.0,0.0,0.0
eta_0p5_delta_0,0.5,0,/home/dev/workspace/dataset/nedo_dismantling_log/eval/unet_D64_T1000_S20_simple_20260504_204421/simple_A_T8_N6_eta0p5_D0_E100000/epsilon_greedy_00/condition_metadata.yaml,Object_4,5,/home/dev/workspace/dataset/nedo_dismantling_log/eval/unet_D64_T1000_S20_simple_20260504_204421/simple_A_T8_N6_eta0p5_D0_E100000/epsilon_greedy_00/Object_4/episode_5/rollout_data.pickle,0.0,100.0,29.999999625000008,8,"[0.0, 0.0, 0.0, 0.0, 0.0, 0.0, 0.0, 0.0]","[100.0, 100.0, 100.0, 100.0, 100.0, 100.0, 100.0, 100.0]","[29.999999625000008, 29.999999625000008, 29.999999625000008, 29.999999625000008, 29.999999625000008, 29.999999625000008, 29.999999625000008, 29.999999625000008]",True,boundary_uniform,0,simple_A,6,8,100000,conditional_diffusion,epsilon_greedy_00,0,0.0,0.0,0.0,0.0
eta_0p5_delta_0,0.5,0,/home/dev/workspace/dataset/nedo_dismantling_log/eval/unet_D64_T1000_S20_simple_20260504_204421/simple_A_T8_N6_eta0p5_D0_E100000/epsilon_greedy_00/condition_metadata.yaml,Object_5,0,/home/dev/workspace/dataset/nedo_dismantling_log/eval/unet_D64_T1000_S20_simple_20260504_204421/simple_A_T8_N6_eta0p5_D0_E100000/epsilon_greedy_00/Object_5/episode_0/rollout_data.pickle,0.0,100.0,44.99999943750001,8,"[0.0, 0.0, 0.0, 0.0, 0.0, 0.0, 0.0, 0.0]","[100.0, 100.0, 100.0, 100.0, 100.0, 100.0, 100.0, 100.0]","[1.2784090904551104, 2.9220779197061053, 5.1948051873090835, 11.42857139229025, 25.714285530612248, 35.99999964, 35.99999964, 44.99999943750001]",True,boundary_uniform,0,simple_A,6,8,100000,conditional_diffusion,epsilon_greedy_00,0,0.0,0.0,0.0,0.0
eta_0p5_delta_0,0.5,0,/home/dev/workspace/dataset/nedo_dismantling_log/eval/unet_D64_T1000_S20_simple_20260504_204421/simple_A_T8_N6_eta0p5_D0_E100000/epsilon_greedy_00/condition_metadata.yaml,Object_5,1,/home/dev/workspace/dataset/nedo_dismantling_log/eval/unet_D64_T1000_S20_simple_20260504_204421/simple_A_T8_N6_eta0p5_D0_E100000/epsilon_greedy_00/Object_5/episode_1/rollout_data.pickle,0.0,100.0,44.99999943750001,8,"[0.0, 0.0, 0.0, 0.0, 0.0, 0.0, 0.0, 0.0]","[100.0, 100.0, 100.0, 100.0, 100.0, 100.0, 100.0, 100.0]","[44.99999943750001, 44.99999943750001, 44.99999943750001, 44.99999943750001, 44.99999943750001, 44.99999943750001, 44.99999943750001, 44.99999943750001]",True,boundary_uniform,0,simple_A,6,8,100000,conditional_diffusion,epsilon_greedy_00,0,0.0,0.0,0.0,0.0
eta_0p5_delta_0,0.5,0,/home/dev/workspace/dataset/nedo_dismantling_log/eval/unet_D64_T1000_S20_simple_20260504_204421/simple_A_T8_N6_eta0p5_D0_E100000/epsilon_greedy_00/condition_metadata.yaml,Object_5,2,/home/dev/workspace/dataset/nedo_dismantling_log/eval/unet_D64_T1000_S20_simple_20260504_204421/simple_A_T8_N6_eta0p5_D0_E100000/epsilon_greedy_00/Object_5/episode_2/rollout_data.pickle,0.0,100.0,44.99999943750001,8,"[0.0, 0.0, 0.0, 0.0, 0.0, 0.0, 0.0, 0.0]","[100.0, 100.0, 100.0, 100.0, 100.0, 100.0, 100.0, 100.0]","[44.99999943750001, 44.99999943750001, 44.99999943750001, 44.99999943750001, 44.99999943750001, 44.99999943750001, 44.99999943750001, 44.99999943750001]",True,boundary_uniform,0,simple_A,6,8,100000,conditional_diffusion,epsilon_greedy_00,0,0.0,0.0,0.0,0.0
eta_0p5_delta_0,0.5,0,/home/dev/workspace/dataset/nedo_dismantling_log/eval/unet_D64_T1000_S20_simple_20260504_204421/simple_A_T8_N6_eta0p5_D0_E100000/epsilon_greedy_00/condition_metadata.yaml,Object_5,3,/home/dev/workspace/dataset/nedo_dismantling_log/eval/unet_D64_T1000_S20_simple_20260504_204421/simple_A_T8_N6_eta0p5_D0_E100000/epsilon_greedy_00/Object_5/episode_3/rollout_data.pickle,0.0,100.0,44.99999943750001,8,"[0.0, 0.0, 0.0, 0.0, 0.0, 0.0, 0.0, 0.0]","[100.0, 100.0, 100.0, 100.0, 100.0, 100.0, 100.0, 100.0]","[44.99999943750001, 44.99999943750001, 44.99999943750001, 44.99999943750001, 44.99999943750001, 44.99999943750001, 44.99999943750001, 44.99999943750001]",True,boundary_uniform,0,simple_A,6,8,100000,conditional_diffusion,epsilon_greedy_00,0,0.0,0.0,0.0,0.0
eta_0p5_delta_0,0.5,0,/home/dev/workspace/dataset/nedo_dismantling_log/eval/unet_D64_T1000_S20_simple_20260504_204421/simple_A_T8_N6_eta0p5_D0_E100000/epsilon_greedy_00/condition_metadata.yaml,Object_5,4,/home/dev/workspace/dataset/nedo_dismantling_log/eval/unet_D64_T1000_S20_simple_20260504_204421/simple_A_T8_N6_eta0p5_D0_E100000/epsilon_greedy_00/Object_5/episode_4/rollout_data.pickle,0.0,100.0,44.99999943750001,8,"[0.0, 0.0, 0.0, 0.0, 0.0, 0.0, 0.0, 0.0]","[100.0, 100.0, 100.0, 100.0, 100.0, 100.0, 100.0, 100.0]","[44.99999943750001, 44.99999943750001, 44.99999943750001, 44.99999943750001, 44.99999943750001, 44.99999943750001, 44.99999943750001, 44.99999943750001]",True,boundary_uniform,0,simple_A,6,8,100000,conditional_diffusion,epsilon_greedy_00,0,0.0,0.0,0.0,0.0
eta_0p5_delta_0,0.5,0,/home/dev/workspace/dataset/nedo_dismantling_log/eval/unet_D64_T1000_S20_simple_20260504_204421/simple_A_T8_N6_eta0p5_D0_E100000/epsilon_greedy_00/condition_metadata.yaml,Object_5,5,/home/dev/workspace/dataset/nedo_dismantling_log/eval/unet_D64_T1000_S20_simple_20260504_204421/simple_A_T8_N6_eta0p5_D0_E100000/epsilon_greedy_00/Object_5/episode_5/rollout_data.pickle,0.0,100.0,44.99999943750001,8,"[0.0, 0.0, 0.0, 0.0, 0.0, 0.0, 0.0, 0.0]","[100.0, 100.0, 100.0, 100.0, 100.0, 100.0, 100.0, 100.0]","[44.99999943750001, 44.99999943750001, 44.99999943750001, 44.99999943750001, 44.99999943750001, 44.99999943750001, 44.99999943750001, 44.99999943750001]",True,boundary_uniform,0,simple_A,6,8,100000,conditional_diffusion,epsilon_greedy_00,0,0.0,0.0,0.0,0.0
eta_0p5_delta_0,0.5,0,/home/dev/workspace/dataset/nedo_dismantling_log/eval/unet_D64_T1000_S20_simple_20260504_204421/simple_A_T8_N6_eta0p5_D0_E100000/epsilon_greedy_00/condition_metadata.yaml,Object_6,0,/home/dev/workspace/dataset/nedo_dismantling_log/eval/unet_D64_T1000_S20_simple_20260504_204421/simple_A_T8_N6_eta0p5_D0_E100000/epsilon_greedy_00/Object_6/episode_0/rollout_data.pickle,0.0,100.0,47.99999952000001,8,"[0.0, 0.0, 0.0, 0.0, 0.0, 0.0, 0.0, 0.0]","[100.0, 100.0, 100.0, 100.0, 100.0, 100.0, 100.0, 100.0]","[1.7045454539401472, 3.03030302838996, 6.666666657407408, 13.333333296296296, 29.9999998125, 47.99999952000001, 47.99999952000001, 47.99999952000001]",True,boundary_uniform,0,simple_A,6,8,100000,conditional_diffusion,epsilon_greedy_00,0,0.0,0.0,0.0,0.0
eta_0p5_delta_0,0.5,0,/home/dev/workspace/dataset/nedo_dismantling_log/eval/unet_D64_T1000_S20_simple_20260504_204421/simple_A_T8_N6_eta0p5_D0_E100000/epsilon_greedy_00/condition_metadata.yaml,Object_6,1,/home/dev/workspace/dataset/nedo_dismantling_log/eval/unet_D64_T1000_S20_simple_20260504_204421/simple_A_T8_N6_eta0p5_D0_E100000/epsilon_greedy_00/Object_6/episode_1/rollout_data.pickle,0.0,100.0,47.99999952000001,8,"[0.0, 0.0, 0.0, 0.0, 0.0, 0.0, 0.0, 0.0]","[100.0, 100.0, 100.0, 100.0, 100.0, 100.0, 100.0, 100.0]","[47.99999952000001, 47.99999952000001, 47.99999952000001, 47.99999952000001, 47.99999952000001, 47.99999952000001, 47.99999952000001, 47.99999952000001]",True,boundary_uniform,0,simple_A,6,8,100000,conditional_diffusion,epsilon_greedy_00,0,0.0,0.0,0.0,0.0
eta_0p5_delta_0,0.5,0,/home/dev/workspace/dataset/nedo_dismantling_log/eval/unet_D64_T1000_S20_simple_20260504_204421/simple_A_T8_N6_eta0p5_D0_E100000/epsilon_greedy_00/condition_metadata.yaml,Object_6,2,/home/dev/workspace/dataset/nedo_dismantling_log/eval/unet_D64_T1000_S20_simple_20260504_204421/simple_A_T8_N6_eta0p5_D0_E100000/epsilon_greedy_00/Object_6/episode_2/rollout_data.pickle,0.0,100.0,47.99999952000001,8,"[0.0, 0.0, 0.0, 0.0, 0.0, 0.0, 0.0, 0.0]","[100.0, 100.0, 100.0, 100.0, 100.0, 100.0, 100.0, 100.0]","[47.99999952000001, 47.99999952000001, 47.99999952000001, 47.99999952000001, 47.99999952000001, 47.99999952000001, 47.99999952000001, 47.99999952000001]",True,boundary_uniform,0,simple_A,6,8,100000,conditional_diffusion,epsilon_greedy_00,0,0.0,0.0,0.0,0.0
eta_0p5_delta_0,0.5,0,/home/dev/workspace/dataset/nedo_dismantling_log/eval/unet_D64_T1000_S20_simple_20260504_204421/simple_A_T8_N6_eta0p5_D0_E100000/epsilon_greedy_00/condition_metadata.yaml,Object_6,3,/home/dev/workspace/dataset/nedo_dismantling_log/eval/unet_D64_T1000_S20_simple_20260504_204421/simple_A_T8_N6_eta0p5_D0_E100000/epsilon_greedy_00/Object_6/episode_3/rollout_data.pickle,0.0,100.0,59.999999250000016,8,"[0.0, 0.0, 0.0, 0.0, 0.0, 0.0, 0.0, 0.0]","[100.0, 100.0, 100.0, 100.0, 100.0, 100.0, 100.0, 100.0]","[47.99999952000001, 47.99999952000001, 47.99999952000001, 47.99999952000001, 59.999999250000016, 59.999999250000016, 59.999999250000016, 59.999999250000016]",True,boundary_uniform,0,simple_A,6,8,100000,conditional_diffusion,epsilon_greedy_00,0,0.0,0.0,0.0,0.0
eta_0p5_delta_0,0.5,0,/home/dev/workspace/dataset/nedo_dismantling_log/eval/unet_D64_T1000_S20_simple_20260504_204421/simple_A_T8_N6_eta0p5_D0_E100000/epsilon_greedy_00/condition_metadata.yaml,Object_6,4,/home/dev/workspace/dataset/nedo_dismantling_log/eval/unet_D64_T1000_S20_simple_20260504_204421/simple_A_T8_N6_eta0p5_D0_E100000/epsilon_greedy_00/Object_6/episode_4/rollout_data.pickle,0.0,100.0,59.999999250000016,8,"[0.0, 0.0, 0.0, 0.0, 0.0, 0.0, 0.0, 0.0]","[100.0, 100.0, 100.0, 100.0, 100.0, 100.0, 100.0, 100.0]","[59.999999250000016, 59.999999250000016, 59.999999250000016, 59.999999250000016, 59.999999250000016, 59.999999250000016, 59.999999250000016, 59.999999250000016]",True,boundary_uniform,0,simple_A,6,8,100000,conditional_diffusion,epsilon_greedy_00,0,0.0,0.0,0.0,0.0
eta_0p5_delta_0,0.5,0,/home/dev/workspace/dataset/nedo_dismantling_log/eval/unet_D64_T1000_S20_simple_20260504_204421/simple_A_T8_N6_eta0p5_D0_E100000/epsilon_greedy_00/condition_metadata.yaml,Object_6,5,/home/dev/workspace/dataset/nedo_dismantling_log/eval/unet_D64_T1000_S20_simple_20260504_204421/simple_A_T8_N6_eta0p5_D0_E100000/epsilon_greedy_00/Object_6/episode_5/rollout_data.pickle,0.0,100.0,59.999999250000016,8,"[0.0, 0.0, 0.0, 0.0, 0.0, 0.0, 0.0, 0.0]","[100.0, 100.0, 100.0, 100.0, 100.0, 100.0, 100.0, 100.0]","[59.999999250000016, 59.999999250000016, 59.999999250000016, 59.999999250000016, 59.999999250000016, 59.999999250000016, 59.999999250000016, 59.999999250000016]",True,boundary_uniform,0,simple_A,6,8,100000,conditional_diffusion,epsilon_greedy_00,0,0.0,0.0,0.0,0.0
eta_1p0_delta_0,1.0,0,/home/dev/workspace/dataset/nedo_dismantling_log/eval/unet_D64_T1000_S20_simple_20260504_204421/simple_A_T8_N6_eta1p0_D0_E100000/epsilon_greedy_00/condition_metadata.yaml,Object_4,0,/home/dev/workspace/dataset/nedo_dismantling_log/eval/unet_D64_T1000_S20_simple_20260504_204421/simple_A_T8_N6_eta1p0_D0_E100000/epsilon_greedy_00/Object_4/episode_0/rollout_data.pickle,18.0,25.0,5.357142809311225,8,"[0.0, 0.0, 18.0, 0.0, 0.0, 0.0, 0.0, 0.0]","[100.0, 100.0, 25.0, 25.0, 25.0, 25.0, 25.0, 25.0]","[0.8522727269700736, 1.9480519464707369, 2.6785714166135204, 5.357142809311225, 5.357142809311225, 5.357142809311225, 5.357142809311225, 5.357142809311225]",True,boundary_uniform,0,simple_A,6,8,100000,conditional_diffusion,epsilon_greedy_00,0,0.0,0.0,0.0,0.0
eta_1p0_delta_0,1.0,0,/home/dev/workspace/dataset/nedo_dismantling_log/eval/unet_D64_T1000_S20_simple_20260504_204421/simple_A_T8_N6_eta1p0_D0_E100000/epsilon_greedy_00/condition_metadata.yaml,Object_4,1,/home/dev/workspace/dataset/nedo_dismantling_log/eval/unet_D64_T1000_S20_simple_20260504_204421/simple_A_T8_N6_eta1p0_D0_E100000/epsilon_greedy_00/Object_4/episode_1/rollout_data.pickle,0.0,25.0,5.357142809311225,8,"[0.0, 0.0, 0.0, 0.0, 0.0, 0.0, 0.0, 0.0]","[25.0, 25.0, 25.0, 25.0, 25.0, 25.0, 25.0, 25.0]","[5.357142809311225, 5.357142809311225, 5.357142809311225, 5.357142809311225, 5.357142809311225, 5.357142809311225, 5.357142809311225, 5.357142809311225]",True,boundary_uniform,0,simple_A,6,8,100000,conditional_diffusion,epsilon_greedy_00,0,0.0,0.0,0.0,0.0
eta_1p0_delta_0,1.0,0,/home/dev/workspace/dataset/nedo_dismantling_log/eval/unet_D64_T1000_S20_simple_20260504_204421/simple_A_T8_N6_eta1p0_D0_E100000/epsilon_greedy_00/condition_metadata.yaml,Object_4,2,/home/dev/workspace/dataset/nedo_dismantling_log/eval/unet_D64_T1000_S20_simple_20260504_204421/simple_A_T8_N6_eta1p0_D0_E100000/epsilon_greedy_00/Object_4/episode_2/rollout_data.pickle,0.0,25.0,5.357142809311225,8,"[0.0, 0.0, 0.0, 0.0, 0.0, 0.0, 0.0, 0.0]","[25.0, 25.0, 25.0, 25.0, 25.0, 25.0, 25.0, 25.0]","[5.357142809311225, 5.357142809311225, 5.357142809311225, 5.357142809311225, 5.357142809311225, 5.357142809311225, 5.357142809311225, 5.357142809311225]",True,boundary_uniform,0,simple_A,6,8,100000,conditional_diffusion,epsilon_greedy_00,0,0.0,0.0,0.0,0.0
eta_1p0_delta_0,1.0,0,/home/dev/workspace/dataset/nedo_dismantling_log/eval/unet_D64_T1000_S20_simple_20260504_204421/simple_A_T8_N6_eta1p0_D0_E100000/epsilon_greedy_00/condition_metadata.yaml,Object_4,3,/home/dev/workspace/dataset/nedo_dismantling_log/eval/unet_D64_T1000_S20_simple_20260504_204421/simple_A_T8_N6_eta1p0_D0_E100000/epsilon_greedy_00/Object_4/episode_3/rollout_data.pickle,0.0,25.0,5.357142809311225,8,"[0.0, 0.0, 0.0, 0.0, 0.0, 0.0, 0.0, 0.0]","[25.0, 25.0, 25.0, 25.0, 25.0, 25.0, 25.0, 25.0]","[5.357142809311225, 5.357142809311225, 5.357142809311225, 5.357142809311225, 5.357142809311225, 5.357142809311225, 5.357142809311225, 5.357142809311225]",True,boundary_uniform,0,simple_A,6,8,100000,conditional_diffusion,epsilon_greedy_00,0,0.0,0.0,0.0,0.0
eta_1p0_delta_0,1.0,0,/home/dev/workspace/dataset/nedo_dismantling_log/eval/unet_D64_T1000_S20_simple_20260504_204421/simple_A_T8_N6_eta1p0_D0_E100000/epsilon_greedy_00/condition_metadata.yaml,Object_4,4,/home/dev/workspace/dataset/nedo_dismantling_log/eval/unet_D64_T1000_S20_simple_20260504_204421/simple_A_T8_N6_eta1p0_D0_E100000/epsilon_greedy_00/Object_4/episode_4/rollout_data.pickle,0.0,25.0,5.357142809311225,8,"[0.0, 0.0, 0.0, 0.0, 0.0, 0.0, 0.0, 0.0]","[25.0, 25.0, 25.0, 25.0, 25.0, 25.0, 25.0, 25.0]","[5.357142809311225, 5.357142809311225, 5.357142809311225, 5.357142809311225, 5.357142809311225, 5.357142809311225, 5.357142809311225, 5.357142809311225]",True,boundary_uniform,0,simple_A,6,8,100000,conditional_diffusion,epsilon_greedy_00,0,0.0,0.0,0.0,0.0
eta_1p0_delta_0,1.0,0,/home/dev/workspace/dataset/nedo_dismantling_log/eval/unet_D64_T1000_S20_simple_20260504_204421/simple_A_T8_N6_eta1p0_D0_E100000/epsilon_greedy_00/condition_metadata.yaml,Object_4,5,/home/dev/workspace/dataset/nedo_dismantling_log/eval/unet_D64_T1000_S20_simple_20260504_204421/simple_A_T8_N6_eta1p0_D0_E100000/epsilon_greedy_00/Object_4/episode_5/rollout_data.pickle,0.0,25.0,5.357142809311225,8,"[0.0, 0.0, 0.0, 0.0, 0.0, 0.0, 0.0, 0.0]","[25.0, 25.0, 25.0, 25.0, 25.0, 25.0, 25.0, 25.0]","[5.357142809311225, 5.357142809311225, 5.357142809311225, 5.357142809311225, 5.357142809311225, 5.357142809311225, 5.357142809311225, 5.357142809311225]",True,boundary_uniform,0,simple_A,6,8,100000,conditional_diffusion,epsilon_greedy_00,0,0.0,0.0,0.0,0.0
eta_1p0_delta_0,1.0,0,/home/dev/workspace/dataset/nedo_dismantling_log/eval/unet_D64_T1000_S20_simple_20260504_204421/simple_A_T8_N6_eta1p0_D0_E100000/epsilon_greedy_00/condition_metadata.yaml,Object_5,0,/home/dev/workspace/dataset/nedo_dismantling_log/eval/unet_D64_T1000_S20_simple_20260504_204421/simple_A_T8_N6_eta1p0_D0_E100000/epsilon_greedy_00/Object_5/episode_0/rollout_data.pickle,12.0,66.66666666666666,6.818181798811985,8,"[0.0, 12.0, 0.0, 0.0, 0.0, 0.0, 0.0, 0.0]","[100.0, 66.66666666666666, 66.66666666666666, 66.66666666666666, 66.66666666666666, 66.66666666666666, 66.66666666666666, 66.66666666666666]","[1.2784090904551104, 2.2727272705750687, 6.818181798811985, 6.818181798811985, 6.818181798811985, 6.818181798811985, 6.818181798811985, 6.818181798811985]",True,boundary_uniform,0,simple_A,6,8,100000,conditional_diffusion,epsilon_greedy_00,0,0.0,0.0,0.0,0.0
eta_1p0_delta_0,1.0,0,/home/dev/workspace/dataset/nedo_dismantling_log/eval/unet_D64_T1000_S20_simple_20260504_204421/simple_A_T8_N6_eta1p0_D0_E100000/epsilon_greedy_00/condition_metadata.yaml,Object_5,1,/home/dev/workspace/dataset/nedo_dismantling_log/eval/unet_D64_T1000_S20_simple_20260504_204421/simple_A_T8_N6_eta1p0_D0_E100000/epsilon_greedy_00/Object_5/episode_1/rollout_data.pickle,0.0,66.66666666666666,6.818181798811985,8,"[0.0, 0.0, 0.0, 0.0, 0.0, 0.0, 0.0, 0.0]","[66.66666666666666, 66.66666666666666, 66.66666666666666, 66.66666666666666, 66.66666666666666, 66.66666666666666, 66.66666666666666, 66.66666666666666]","[6.818181798811985, 6.818181798811985, 6.818181798811985, 6.818181798811985, 6.818181798811985, 6.818181798811985, 6.818181798811985, 6.818181798811985]",True,boundary_uniform,0,simple_A,6,8,100000,conditional_diffusion,epsilon_greedy_00,0,0.0,0.0,0.0,0.0
eta_1p0_delta_0,1.0,0,/home/dev/workspace/dataset/nedo_dismantling_log/eval/unet_D64_T1000_S20_simple_20260504_204421/simple_A_T8_N6_eta1p0_D0_E100000/epsilon_greedy_00/condition_metadata.yaml,Object_5,2,/home/dev/workspace/dataset/nedo_dismantling_log/eval/unet_D64_T1000_S20_simple_20260504_204421/simple_A_T8_N6_eta1p0_D0_E100000/epsilon_greedy_00/Object_5/episode_2/rollout_data.pickle,0.0,66.66666666666666,6.818181798811985,8,"[0.0, 0.0, 0.0, 0.0, 0.0, 0.0, 0.0, 0.0]","[66.66666666666666, 66.66666666666666, 66.66666666666666, 66.66666666666666, 66.66666666666666, 66.66666666666666, 66.66666666666666, 66.66666666666666]","[6.818181798811985, 6.818181798811985, 6.818181798811985, 6.818181798811985, 6.818181798811985, 6.818181798811985, 6.818181798811985, 6.818181798811985]",True,boundary_uniform,0,simple_A,6,8,100000,conditional_diffusion,epsilon_greedy_00,0,0.0,0.0,0.0,0.0
eta_1p0_delta_0,1.0,0,/home/dev/workspace/dataset/nedo_dismantling_log/eval/unet_D64_T1000_S20_simple_20260504_204421/simple_A_T8_N6_eta1p0_D0_E100000/epsilon_greedy_00/condition_metadata.yaml,Object_5,3,/home/dev/workspace/dataset/nedo_dismantling_log/eval/unet_D64_T1000_S20_simple_20260504_204421/simple_A_T8_N6_eta1p0_D0_E100000/epsilon_greedy_00/Object_5/episode_3/rollout_data.pickle,0.0,66.66666666666666,6.818181798811985,8,"[0.0, 0.0, 0.0, 0.0, 0.0, 0.0, 0.0, 0.0]","[66.66666666666666, 66.66666666666666, 66.66666666666666, 66.66666666666666, 66.66666666666666, 66.66666666666666, 66.66666666666666, 66.66666666666666]","[6.818181798811985, 6.818181798811985, 6.818181798811985, 6.818181798811985, 6.818181798811985, 6.818181798811985, 6.818181798811985, 6.818181798811985]",True,boundary_uniform,0,simple_A,6,8,100000,conditional_diffusion,epsilon_greedy_00,0,0.0,0.0,0.0,0.0
eta_1p0_delta_0,1.0,0,/home/dev/workspace/dataset/nedo_dismantling_log/eval/unet_D64_T1000_S20_simple_20260504_204421/simple_A_T8_N6_eta1p0_D0_E100000/epsilon_greedy_00/condition_metadata.yaml,Object_5,4,/home/dev/workspace/dataset/nedo_dismantling_log/eval/unet_D64_T1000_S20_simple_20260504_204421/simple_A_T8_N6_eta1p0_D0_E100000/epsilon_greedy_00/Object_5/episode_4/rollout_data.pickle,12.0,33.33333333333333,6.818181779442149,8,"[0.0, 0.0, 0.0, 12.0, 0.0, 0.0, 0.0, 0.0]","[66.66666666666666, 66.66666666666666, 66.66666666666666, 33.33333333333333, 33.33333333333333, 33.33333333333333, 33.33333333333333, 33.33333333333333]","[6.818181798811985, 6.818181798811985, 6.818181798811985, 6.818181779442149, 6.818181779442149, 6.818181779442149, 6.818181779442149, 6.818181779442149]",True,boundary_uniform,0,simple_A,6,8,100000,conditional_diffusion,epsilon_greedy_00,0,0.0,0.0,0.0,0.0
eta_1p0_delta_0,1.0,0,/home/dev/workspace/dataset/nedo_dismantling_log/eval/unet_D64_T1000_S20_simple_20260504_204421/simple_A_T8_N6_eta1p0_D0_E100000/epsilon_greedy_00/condition_metadata.yaml,Object_5,5,/home/dev/workspace/dataset/nedo_dismantling_log/eval/unet_D64_T1000_S20_simple_20260504_204421/simple_A_T8_N6_eta1p0_D0_E100000/epsilon_greedy_00/Object_5/episode_5/rollout_data.pickle,0.0,33.33333333333333,6.818181779442149,8,"[0.0, 0.0, 0.0, 0.0, 0.0, 0.0, 0.0, 0.0]","[33.33333333333333, 33.33333333333333, 33.33333333333333, 33.33333333333333, 33.33333333333333, 33.33333333333333, 33.33333333333333, 33.33333333333333]","[6.818181779442149, 6.818181779442149, 6.818181779442149, 6.818181779442149, 6.818181779442149, 6.818181779442149, 6.818181779442149, 6.818181779442149]",True,boundary_uniform,0,simple_A,6,8,100000,conditional_diffusion,epsilon_greedy_00,0,0.0,0.0,0.0,0.0
eta_1p0_delta_0,1.0,0,/home/dev/workspace/dataset/nedo_dismantling_log/eval/unet_D64_T1000_S20_simple_20260504_204421/simple_A_T8_N6_eta1p0_D0_E100000/epsilon_greedy_00/condition_metadata.yaml,Object_6,0,/home/dev/workspace/dataset/nedo_dismantling_log/eval/unet_D64_T1000_S20_simple_20260504_204421/simple_A_T8_N6_eta1p0_D0_E100000/epsilon_greedy_00/Object_6/episode_0/rollout_data.pickle,12.0,75.0,5.113636356372676,8,"[0.0, 12.0, 0.0, 0.0, 0.0, 0.0, 0.0, 0.0]","[100.0, 75.0, 75.0, 75.0, 75.0, 75.0, 75.0, 75.0]","[1.7045454539401472, 2.9220779197061053, 5.113636356372676, 5.113636356372676, 5.113636356372676, 5.113636356372676, 5.113636356372676, 5.113636356372676]",True,boundary_uniform,0,simple_A,6,8,100000,conditional_diffusion,epsilon_greedy_00,0,0.0,0.0,0.0,0.0
eta_1p0_delta_0,1.0,0,/home/dev/workspace/dataset/nedo_dismantling_log/eval/unet_D64_T1000_S20_simple_20260504_204421/simple_A_T8_N6_eta1p0_D0_E100000/epsilon_greedy_00/condition_metadata.yaml,Object_6,1,/home/dev/workspace/dataset/nedo_dismantling_log/eval/unet_D64_T1000_S20_simple_20260504_204421/simple_A_T8_N6_eta1p0_D0_E100000/epsilon_greedy_00/Object_6/episode_1/rollout_data.pickle,0.0,75.0,5.113636356372676,8,"[0.0, 0.0, 0.0, 0.0, 0.0, 0.0, 0.0, 0.0]","[75.0, 75.0, 75.0, 75.0, 75.0, 75.0, 75.0, 75.0]","[5.113636356372676, 5.113636356372676, 5.113636356372676, 5.113636356372676, 5.113636356372676, 5.113636356372676, 5.113636356372676, 5.113636356372676]",True,boundary_uniform,0,simple_A,6,8,100000,conditional_diffusion,epsilon_greedy_00,0,0.0,0.0,0.0,0.0
eta_1p0_delta_0,1.0,0,/home/dev/workspace/dataset/nedo_dismantling_log/eval/unet_D64_T1000_S20_simple_20260504_204421/simple_A_T8_N6_eta1p0_D0_E100000/epsilon_greedy_00/condition_metadata.yaml,Object_6,2,/home/dev/workspace/dataset/nedo_dismantling_log/eval/unet_D64_T1000_S20_simple_20260504_204421/simple_A_T8_N6_eta1p0_D0_E100000/epsilon_greedy_00/Object_6/episode_2/rollout_data.pickle,0.0,75.0,5.113636356372676,8,"[0.0, 0.0, 0.0, 0.0, 0.0, 0.0, 0.0, 0.0]","[75.0, 75.0, 75.0, 75.0, 75.0, 75.0, 75.0, 75.0]","[5.113636356372676, 5.113636356372676, 5.113636356372676, 5.113636356372676, 5.113636356372676, 5.113636356372676, 5.113636356372676, 5.113636356372676]",True,boundary_uniform,0,simple_A,6,8,100000,conditional_diffusion,epsilon_greedy_00,0,0.0,0.0,0.0,0.0
eta_1p0_delta_0,1.0,0,/home/dev/workspace/dataset/nedo_dismantling_log/eval/unet_D64_T1000_S20_simple_20260504_204421/simple_A_T8_N6_eta1p0_D0_E100000/epsilon_greedy_00/condition_metadata.yaml,Object_6,3,/home/dev/workspace/dataset/nedo_dismantling_log/eval/unet_D64_T1000_S20_simple_20260504_204421/simple_A_T8_N6_eta1p0_D0_E100000/epsilon_greedy_00/Object_6/episode_3/rollout_data.pickle,0.0,75.0,5.113636356372676,8,"[0.0, 0.0, 0.0, 0.0, 0.0, 0.0, 0.0, 0.0]","[75.0, 75.0, 75.0, 75.0, 75.0, 75.0, 75.0, 75.0]","[5.113636356372676, 5.113636356372676, 5.113636356372676, 5.113636356372676, 5.113636356372676, 5.113636356372676, 5.113636356372676, 5.113636356372676]",True,boundary_uniform,0,simple_A,6,8,100000,conditional_diffusion,epsilon_greedy_00,0,0.0,0.0,0.0,0.0
eta_1p0_delta_0,1.0,0,/home/dev/workspace/dataset/nedo_dismantling_log/eval/unet_D64_T1000_S20_simple_20260504_204421/simple_A_T8_N6_eta1p0_D0_E100000/epsilon_greedy_00/condition_metadata.yaml,Object_6,4,/home/dev/workspace/dataset/nedo_dismantling_log/eval/unet_D64_T1000_S20_simple_20260504_204421/simple_A_T8_N6_eta1p0_D0_E100000/epsilon_greedy_00/Object_6/episode_4/rollout_data.pickle,0.0,75.0,5.113636356372676,8,"[0.0, 0.0, 0.0, 0.0, 0.0, 0.0, 0.0, 0.0]","[75.0, 75.0, 75.0, 75.0, 75.0, 75.0, 75.0, 75.0]","[5.113636356372676, 5.113636356372676, 5.113636356372676, 5.113636356372676, 5.113636356372676, 5.113636356372676, 5.113636356372676, 5.113636356372676]",True,boundary_uniform,0,simple_A,6,8,100000,conditional_diffusion,epsilon_greedy_00,0,0.0,0.0,0.0,0.0
eta_1p0_delta_0,1.0,0,/home/dev/workspace/dataset/nedo_dismantling_log/eval/unet_D64_T1000_S20_simple_20260504_204421/simple_A_T8_N6_eta1p0_D0_E100000/epsilon_greedy_00/condition_metadata.yaml,Object_6,5,/home/dev/workspace/dataset/nedo_dismantling_log/eval/unet_D64_T1000_S20_simple_20260504_204421/simple_A_T8_N6_eta1p0_D0_E100000/epsilon_greedy_00/Object_6/episode_5/rollout_data.pickle,0.0,75.0,5.113636356372676,8,"[0.0, 0.0, 0.0, 0.0, 0.0, 0.0, 0.0, 0.0]","[75.0, 75.0, 75.0, 75.0, 75.0, 75.0, 75.0, 75.0]","[5.113636356372676, 5.113636356372676, 5.113636356372676, 5.113636356372676, 5.113636356372676, 5.113636356372676, 5.113636356372676, 5.113636356372676]",True,boundary_uniform,0,simple_A,6,8,100000,conditional_diffusion,epsilon_greedy_00,0,0.0,0.0,0.0,0.0
eta_0p0_delta_1,0.0,1,/home/dev/workspace/dataset/nedo_dismantling_log/eval/unet_D64_T1000_S20_simple_20260504_204421/simple_A_T8_N6_eta0p0_D1_E100000/epsilon_greedy_00/condition_metadata.yaml,Object_4,0,/home/dev/workspace/dataset/nedo_dismantling_log/eval/unet_D64_T1000_S20_simple_20260504_204421/simple_A_T8_N6_eta0p0_D1_E100000/epsilon_greedy_00/Object_4/episode_0/rollout_data.pickle,0.0,100.0,19.999999833333334,8,"[0.0, 0.0, 0.0, 0.0, 0.0, 0.0, 0.0, 0.0]","[100.0, 100.0, 100.0, 100.0, 100.0, 100.0, 100.0, 100.0]","[0.937499999633789, 1.874999998535156, 4.687499990844727, 6.818181798811985, 12.499999934895833, 16.666666550925928, 19.999999833333334, 19.999999833333334]",True,boundary_uniform,0,simple_A,6,8,100000,conditional_diffusion,epsilon_greedy_00,4,0.75,0.5,1.0,1.0
eta_0p0_delta_1,0.0,1,/home/dev/workspace/dataset/nedo_dismantling_log/eval/unet_D64_T1000_S20_simple_20260504_204421/simple_A_T8_N6_eta0p0_D1_E100000/epsilon_greedy_00/condition_metadata.yaml,Object_4,1,/home/dev/workspace/dataset/nedo_dismantling_log/eval/unet_D64_T1000_S20_simple_20260504_204421/simple_A_T8_N6_eta0p0_D1_E100000/epsilon_greedy_00/Object_4/episode_1/rollout_data.pickle,0.0,100.0,19.999999833333334,8,"[0.0, 0.0, 0.0, 0.0, 0.0, 0.0, 0.0, 0.0]","[100.0, 100.0, 100.0, 100.0, 100.0, 100.0, 100.0, 100.0]","[19.999999833333334, 19.999999833333334, 19.999999833333334, 19.999999833333334, 19.999999833333334, 19.999999833333334, 19.999999833333334, 19.999999833333334]",True,boundary_uniform,0,simple_A,6,8,100000,conditional_diffusion,epsilon_greedy_00,5,0.625,0.625,1.0,1.0
eta_0p0_delta_1,0.0,1,/home/dev/workspace/dataset/nedo_dismantling_log/eval/unet_D64_T1000_S20_simple_20260504_204421/simple_A_T8_N6_eta0p0_D1_E100000/epsilon_greedy_00/condition_metadata.yaml,Object_4,2,/home/dev/workspace/dataset/nedo_dismantling_log/eval/unet_D64_T1000_S20_simple_20260504_204421/simple_A_T8_N6_eta0p0_D1_E100000/epsilon_greedy_00/Object_4/episode_2/rollout_data.pickle,0.0,100.0,19.999999833333334,8,"[0.0, 0.0, 0.0, 0.0, 0.0, 0.0, 0.0, 0.0]","[100.0, 100.0, 100.0, 100.0, 100.0, 100.0, 100.0, 100.0]","[19.999999833333334, 19.999999833333334, 19.999999833333334, 19.999999833333334, 19.999999833333334, 19.999999833333334, 19.999999833333334, 19.999999833333334]",True,boundary_uniform,0,simple_A,6,8,100000,conditional_diffusion,epsilon_greedy_00,3,0.625,0.375,1.0,1.0
eta_0p0_delta_1,0.0,1,/home/dev/workspace/dataset/nedo_dismantling_log/eval/unet_D64_T1000_S20_simple_20260504_204421/simple_A_T8_N6_eta0p0_D1_E100000/epsilon_greedy_00/condition_metadata.yaml,Object_4,3,/home/dev/workspace/dataset/nedo_dismantling_log/eval/unet_D64_T1000_S20_simple_20260504_204421/simple_A_T8_N6_eta0p0_D1_E100000/epsilon_greedy_00/Object_4/episode_3/rollout_data.pickle,0.0,100.0,23.999999760000005,8,"[0.0, 0.0, 0.0, 0.0, 0.0, 0.0, 0.0, 0.0]","[100.0, 100.0, 100.0, 100.0, 100.0, 100.0, 100.0, 100.0]","[19.999999833333334, 19.999999833333334, 23.999999760000005, 23.999999760000005, 23.999999760000005, 23.999999760000005, 23.999999760000005, 23.999999760000005]",True,boundary_uniform,0,simple_A,6,8,100000,conditional_diffusion,epsilon_greedy_00,4,0.75,0.5,1.0,1.0
eta_0p0_delta_1,0.0,1,/home/dev/workspace/dataset/nedo_dismantling_log/eval/unet_D64_T1000_S20_simple_20260504_204421/simple_A_T8_N6_eta0p0_D1_E100000/epsilon_greedy_00/condition_metadata.yaml,Object_4,4,/home/dev/workspace/dataset/nedo_dismantling_log/eval/unet_D64_T1000_S20_simple_20260504_204421/simple_A_T8_N6_eta0p0_D1_E100000/epsilon_greedy_00/Object_4/episode_4/rollout_data.pickle,0.0,100.0,23.999999760000005,8,"[0.0, 0.0, 0.0, 0.0, 0.0, 0.0, 0.0, 0.0]","[100.0, 100.0, 100.0, 100.0, 100.0, 100.0, 100.0, 100.0]","[23.999999760000005, 23.999999760000005, 23.999999760000005, 23.999999760000005, 23.999999760000005, 23.999999760000005, 23.999999760000005, 23.999999760000005]",True,boundary_uniform,0,simple_A,6,8,100000,conditional_diffusion,epsilon_greedy_00,2,0.625,0.25,1.0,1.0
eta_0p0_delta_1,0.0,1,/home/dev/workspace/dataset/nedo_dismantling_log/eval/unet_D64_T1000_S20_simple_20260504_204421/simple_A_T8_N6_eta0p0_D1_E100000/epsilon_greedy_00/condition_metadata.yaml,Object_4,5,/home/dev/workspace/dataset/nedo_dismantling_log/eval/unet_D64_T1000_S20_simple_20260504_204421/simple_A_T8_N6_eta0p0_D1_E100000/epsilon_greedy_00/Object_4/episode_5/rollout_data.pickle,0.0,100.0,23.999999760000005,8,"[0.0, 0.0, 0.0, 0.0, 0.0, 0.0, 0.0, 0.0]","[100.0, 100.0, 100.0, 100.0, 100.0, 100.0, 100.0, 100.0]","[23.999999760000005, 23.999999760000005, 23.999999760000005, 23.999999760000005, 23.999999760000005, 23.999999760000005, 23.999999760000005, 23.999999760000005]",True,boundary_uniform,0,simple_A,6,8,100000,conditional_diffusion,epsilon_greedy_00,1,0.625,0.125,1.0,1.0
eta_0p0_delta_1,0.0,1,/home/dev/workspace/dataset/nedo_dismantling_log/eval/unet_D64_T1000_S20_simple_20260504_204421/simple_A_T8_N6_eta0p0_D1_E100000/epsilon_greedy_00/condition_metadata.yaml,Object_5,0,/home/dev/workspace/dataset/nedo_dismantling_log/eval/unet_D64_T1000_S20_simple_20260504_204421/simple_A_T8_N6_eta0p0_D1_E100000/epsilon_greedy_00/Object_5/episode_0/rollout_data.pickle,0.0,100.0,7.346938760516451,8,"[0.0, 0.0, 0.0, 0.0, 0.0, 0.0, 0.0, 0.0]","[100.0, 100.0, 100.0, 100.0, 100.0, 100.0, 100.0, 100.0]","[1.1718749996185303, 2.0833333321277006, 2.7777777756344304, 4.999999993055555, 5.71428570521542, 6.428571417091837, 6.428571417091837, 7.346938760516451]",True,boundary_uniform,0,simple_A,6,8,100000,conditional_diffusion,epsilon_greedy_00,3,0.625,0.375,1.0,1.0
eta_0p0_delta_1,0.0,1,/home/dev/workspace/dataset/nedo_dismantling_log/eval/unet_D64_T1000_S20_simple_20260504_204421/simple_A_T8_N6_eta0p0_D1_E100000/epsilon_greedy_00/condition_metadata.yaml,Object_5,1,/home/dev/workspace/dataset/nedo_dismantling_log/eval/unet_D64_T1000_S20_simple_20260504_204421/simple_A_T8_N6_eta0p0_D1_E100000/epsilon_greedy_00/Object_5/episode_1/rollout_data.pickle,0.0,100.0,23.99999984,8,"[0.0, 0.0, 0.0, 0.0, 0.0, 0.0, 0.0, 0.0]","[100.0, 100.0, 100.0, 100.0, 100.0, 100.0, 100.0, 100.0]","[8.571428551020409, 17.14285706122449, 20.57142845387755, 23.99999984, 23.99999984, 23.99999984, 23.99999984, 23.99999984]",True,boundary_uniform,0,simple_A,6,8,100000,conditional_diffusion,epsilon_greedy_00,4,0.625,0.5,1.0,1.0
eta_0p0_delta_1,0.0,1,/home/dev/workspace/dataset/nedo_dismantling_log/eval/unet_D64_T1000_S20_simple_20260504_204421/simple_A_T8_N6_eta0p0_D1_E100000/epsilon_greedy_00/condition_metadata.yaml,Object_5,2,/home/dev/workspace/dataset/nedo_dismantling_log/eval/unet_D64_T1000_S20_simple_20260504_204421/simple_A_T8_N6_eta0p0_D1_E100000/epsilon_greedy_00/Object_5/episode_2/rollout_data.pickle,0.0,100.0,29.99999975,8,"[0.0, 0.0, 0.0, 0.0, 0.0, 0.0, 0.0, 0.0]","[100.0, 100.0, 100.0, 100.0, 100.0, 100.0, 100.0, 100.0]","[29.99999975, 29.99999975, 29.99999975, 29.99999975, 29.99999975, 29.99999975, 29.99999975, 29.99999975]",True,boundary_uniform,0,simple_A,6,8,100000,conditional_diffusion,epsilon_greedy_00,3,0.625,0.375,1.0,1.0
eta_0p0_delta_1,0.0,1,/home/dev/workspace/dataset/nedo_dismantling_log/eval/unet_D64_T1000_S20_simple_20260504_204421/simple_A_T8_N6_eta0p0_D1_E100000/epsilon_greedy_00/condition_metadata.yaml,Object_5,3,/home/dev/workspace/dataset/nedo_dismantling_log/eval/unet_D64_T1000_S20_simple_20260504_204421/simple_A_T8_N6_eta0p0_D1_E100000/epsilon_greedy_00/Object_5/episode_3/rollout_data.pickle,0.0,100.0,29.99999975,8,"[0.0, 0.0, 0.0, 0.0, 0.0, 0.0, 0.0, 0.0]","[100.0, 100.0, 100.0, 100.0, 100.0, 100.0, 100.0, 100.0]","[29.99999975, 29.99999975, 29.99999975, 29.99999975, 29.99999975, 29.99999975, 29.99999975, 29.99999975]",True,boundary_uniform,0,simple_A,6,8,100000,conditional_diffusion,epsilon_greedy_00,3,0.5,0.375,1.0,1.0
eta_0p0_delta_1,0.0,1,/home/dev/workspace/dataset/nedo_dismantling_log/eval/unet_D64_T1000_S20_simple_20260504_204421/simple_A_T8_N6_eta0p0_D1_E100000/epsilon_greedy_00/condition_metadata.yaml,Object_5,4,/home/dev/workspace/dataset/nedo_dismantling_log/eval/unet_D64_T1000_S20_simple_20260504_204421/simple_A_T8_N6_eta0p0_D1_E100000/epsilon_greedy_00/Object_5/episode_4/rollout_data.pickle,0.0,100.0,29.99999975,8,"[0.0, 0.0, 0.0, 0.0, 0.0, 0.0, 0.0, 0.0]","[100.0, 100.0, 100.0, 100.0, 100.0, 100.0, 100.0, 100.0]","[29.99999975, 29.99999975, 29.99999975, 29.99999975, 29.99999975, 29.99999975, 29.99999975, 29.99999975]",True,boundary_uniform,0,simple_A,6,8,100000,conditional_diffusion,epsilon_greedy_00,2,0.5,0.25,1.0,1.0
eta_0p0_delta_1,0.0,1,/home/dev/workspace/dataset/nedo_dismantling_log/eval/unet_D64_T1000_S20_simple_20260504_204421/simple_A_T8_N6_eta0p0_D1_E100000/epsilon_greedy_00/condition_metadata.yaml,Object_5,5,/home/dev/workspace/dataset/nedo_dismantling_log/eval/unet_D64_T1000_S20_simple_20260504_204421/simple_A_T8_N6_eta0p0_D1_E100000/epsilon_greedy_00/Object_5/episode_5/rollout_data.pickle,0.0,100.0,29.99999975,8,"[0.0, 0.0, 0.0, 0.0, 0.0, 0.0, 0.0, 0.0]","[100.0, 100.0, 100.0, 100.0, 100.0, 100.0, 100.0, 100.0]","[29.99999975, 29.99999975, 29.99999975, 29.99999975, 29.99999975, 29.99999975, 29.99999975, 29.99999975]",True,boundary_uniform,0,simple_A,6,8,100000,conditional_diffusion,epsilon_greedy_00,3,0.75,0.375,1.0,1.0
eta_0p0_delta_1,0.0,1,/home/dev/workspace/dataset/nedo_dismantling_log/eval/unet_D64_T1000_S20_simple_20260504_204421/simple_A_T8_N6_eta0p0_D1_E100000/epsilon_greedy_00/condition_metadata.yaml,Object_6,0,/home/dev/workspace/dataset/nedo_dismantling_log/eval/unet_D64_T1000_S20_simple_20260504_204421/simple_A_T8_N6_eta0p0_D1_E100000/epsilon_greedy_00/Object_6/episode_0/rollout_data.pickle,12.0,75.0,11.99999996,8,"[0.0, 0.0, 0.0, 0.0, 0.0, 0.0, 0.0, 12.0]","[100.0, 100.0, 100.0, 100.0, 100.0, 100.0, 100.0, 75.0]","[1.5624999994913737, 2.272727271651171, 3.4090909066696797, 4.687499995422363, 6.249999991861979, 7.142857132227891, 9.999999979166667, 11.99999996]",True,boundary_uniform,0,simple_A,6,8,100000,conditional_diffusion,epsilon_greedy_00,6,0.75,0.75,1.0,1.0
eta_0p0_delta_1,0.0,1,/home/dev/workspace/dataset/nedo_dismantling_log/eval/unet_D64_T1000_S20_simple_20260504_204421/simple_A_T8_N6_eta0p0_D1_E100000/epsilon_greedy_00/condition_metadata.yaml,Object_6,1,/home/dev/workspace/dataset/nedo_dismantling_log/eval/unet_D64_T1000_S20_simple_20260504_204421/simple_A_T8_N6_eta0p0_D1_E100000/epsilon_greedy_00/Object_6/episode_1/rollout_data.pickle,44.0,18.75,99.99998888889013,8,"[0.0, 12.0, 0.0, 16.0, 16.0, 0.0, 0.0, 0.0]","[75.0, 56.25, 56.25, 37.5, 18.75, 18.75, 18.75, 18.75]","[19.99999988888889, 21.428571258503403, 49.99999907407409, 66.66666419753096, 99.99998888889013, 99.99998888889013, 99.99998888889013, 99.99998888889013]",True,boundary_uniform,0,simple_A,6,8,100000,conditional_diffusion,epsilon_greedy_00,5,0.75,0.625,1.0,1.0
eta_0p0_delta_1,0.0,1,/home/dev/workspace/dataset/nedo_dismantling_log/eval/unet_D64_T1000_S20_simple_20260504_204421/simple_A_T8_N6_eta0p0_D1_E100000/epsilon_greedy_00/condition_metadata.yaml,Object_6,2,/home/dev/workspace/dataset/nedo_dismantling_log/eval/unet_D64_T1000_S20_simple_20260504_204421/simple_A_T8_N6_eta0p0_D1_E100000/epsilon_greedy_00/Object_6/episode_2/rollout_data.pickle,0.0,18.75,99.99998888889013,8,"[0.0, 0.0, 0.0, 0.0, 0.0, 0.0, 0.0, 0.0]","[18.75, 18.75, 18.75, 18.75, 18.75, 18.75, 18.75, 18.75]","[99.99998888889013, 99.99998888889013, 99.99998888889013, 99.99998888889013, 99.99998888889013, 99.99998888889013, 99.99998888889013, 99.99998888889013]",True,boundary_uniform,0,simple_A,6,8,100000,conditional_diffusion,epsilon_greedy_00,5,0.875,0.625,1.0,1.0
eta_0p0_delta_1,0.0,1,/home/dev/workspace/dataset/nedo_dismantling_log/eval/unet_D64_T1000_S20_simple_20260504_204421/simple_A_T8_N6_eta0p0_D1_E100000/epsilon_greedy_00/condition_metadata.yaml,Object_6,3,/home/dev/workspace/dataset/nedo_dismantling_log/eval/unet_D64_T1000_S20_simple_20260504_204421/simple_A_T8_N6_eta0p0_D1_E100000/epsilon_greedy_00/Object_6/episode_3/rollout_data.pickle,0.0,18.75,99.99998888889013,8,"[0.0, 0.0, 0.0, 0.0, 0.0, 0.0, 0.0, 0.0]","[18.75, 18.75, 18.75, 18.75, 18.75, 18.75, 18.75, 18.75]","[99.99998888889013, 99.99998888889013, 99.99998888889013, 99.99998888889013, 99.99998888889013, 99.99998888889013, 99.99998888889013, 99.99998888889013]",True,boundary_uniform,0,simple_A,6,8,100000,conditional_diffusion,epsilon_greedy_00,2,0.5,0.25,1.0,1.0
eta_0p0_delta_1,0.0,1,/home/dev/workspace/dataset/nedo_dismantling_log/eval/unet_D64_T1000_S20_simple_20260504_204421/simple_A_T8_N6_eta0p0_D1_E100000/epsilon_greedy_00/condition_metadata.yaml,Object_6,4,/home/dev/workspace/dataset/nedo_dismantling_log/eval/unet_D64_T1000_S20_simple_20260504_204421/simple_A_T8_N6_eta0p0_D1_E100000/epsilon_greedy_00/Object_6/episode_4/rollout_data.pickle,0.0,18.75,99.99998888889013,8,"[0.0, 0.0, 0.0, 0.0, 0.0, 0.0, 0.0, 0.0]","[18.75, 18.75, 18.75, 18.75, 18.75, 18.75, 18.75, 18.75]","[99.99998888889013, 99.99998888889013, 99.99998888889013, 99.99998888889013, 99.99998888889013, 99.99998888889013, 99.99998888889013, 99.99998888889013]",True,boundary_uniform,0,simple_A,6,8,100000,conditional_diffusion,epsilon_greedy_00,6,1.0,0.75,1.0,1.0
eta_0p0_delta_1,0.0,1,/home/dev/workspace/dataset/nedo_dismantling_log/eval/unet_D64_T1000_S20_simple_20260504_204421/simple_A_T8_N6_eta0p0_D1_E100000/epsilon_greedy_00/condition_metadata.yaml,Object_6,5,/home/dev/workspace/dataset/nedo_dismantling_log/eval/unet_D64_T1000_S20_simple_20260504_204421/simple_A_T8_N6_eta0p0_D1_E100000/epsilon_greedy_00/Object_6/episode_5/rollout_data.pickle,0.0,18.75,99.99998888889013,8,"[0.0, 0.0, 0.0, 0.0, 0.0, 0.0, 0.0, 0.0]","[18.75, 18.75, 18.75, 18.75, 18.75, 18.75, 18.75, 18.75]","[99.99998888889013, 99.99998888889013, 99.99998888889013, 99.99998888889013, 99.99998888889013, 99.99998888889013, 99.99998888889013, 99.99998888889013]",True,boundary_uniform,0,simple_A,6,8,100000,conditional_diffusion,epsilon_greedy_00,3,0.5,0.375,1.0,1.0
eta_0p5_delta_1,0.5,1,/home/dev/workspace/dataset/nedo_dismantling_log/eval/unet_D64_T1000_S20_simple_20260504_204421/simple_A_T8_N6_eta0p5_D1_E100000/epsilon_greedy_00/condition_metadata.yaml,Object_4,0,/home/dev/workspace/dataset/nedo_dismantling_log/eval/unet_D64_T1000_S20_simple_20260504_204421/simple_A_T8_N6_eta0p5_D1_E100000/epsilon_greedy_00/Object_4/episode_0/rollout_data.pickle,26.0,25.0,49.999995833333685,8,"[0.0, 0.0, 0.0, 6.0, 12.0, 8.0, 0.0, 0.0]","[100.0, 100.0, 100.0, 75.0, 37.5, 25.0, 25.0, 25.0]","[0.937499999633789, 1.874999998535156, 3.333333328703704, 8.333333294753087, 18.74999960937501, 24.999998958333375, 33.33333148148158, 49.999995833333685]",True,boundary_uniform,0,simple_A,6,8,100000,conditional_diffusion,epsilon_greedy_00,6,0.75,0.75,1.0,1.0
eta_0p5_delta_1,0.5,1,/home/dev/workspace/dataset/nedo_dismantling_log/eval/unet_D64_T1000_S20_simple_20260504_204421/simple_A_T8_N6_eta0p5_D1_E100000/epsilon_greedy_00/condition_metadata.yaml,Object_4,1,/home/dev/workspace/dataset/nedo_dismantling_log/eval/unet_D64_T1000_S20_simple_20260504_204421/simple_A_T8_N6_eta0p5_D1_E100000/epsilon_greedy_00/Object_4/episode_1/rollout_data.pickle,12.0,0.0,0.0,8,"[0.0, 12.0, 0.0, 0.0, 0.0, 0.0, 0.0, 0.0]","[25.0, 0.0, 0.0, 0.0, 0.0, 0.0, 0.0, 0.0]","[49.999995833333685, 0.0, 0.0, 0.0, 0.0, 0.0, 0.0, 0.0]",True,boundary_uniform,0,simple_A,6,8,100000,conditional_diffusion,epsilon_greedy_00,5,0.625,0.625,1.0,1.0
eta_0p5_delta_1,0.5,1,/home/dev/workspace/dataset/nedo_dismantling_log/eval/unet_D64_T1000_S20_simple_20260504_204421/simple_A_T8_N6_eta0p5_D1_E100000/epsilon_greedy_00/condition_metadata.yaml,Object_4,2,/home/dev/workspace/dataset/nedo_dismantling_log/eval/unet_D64_T1000_S20_simple_20260504_204421/simple_A_T8_N6_eta0p5_D1_E100000/epsilon_greedy_00/Object_4/episode_2/rollout_data.pickle,0.0,0.0,0.0,8,"[0.0, 0.0, 0.0, 0.0, 0.0, 0.0, 0.0, 0.0]","[0.0, 0.0, 0.0, 0.0, 0.0, 0.0, 0.0, 0.0]","[0.0, 0.0, 0.0, 0.0, 0.0, 0.0, 0.0, 0.0]",True,boundary_uniform,0,simple_A,6,8,100000,conditional_diffusion,epsilon_greedy_00,3,0.625,0.375,1.0,1.0
eta_0p5_delta_1,0.5,1,/home/dev/workspace/dataset/nedo_dismantling_log/eval/unet_D64_T1000_S20_simple_20260504_204421/simple_A_T8_N6_eta0p5_D1_E100000/epsilon_greedy_00/condition_metadata.yaml,Object_4,3,/home/dev/workspace/dataset/nedo_dismantling_log/eval/unet_D64_T1000_S20_simple_20260504_204421/simple_A_T8_N6_eta0p5_D1_E100000/epsilon_greedy_00/Object_4/episode_3/rollout_data.pickle,0.0,0.0,0.0,8,"[0.0, 0.0, 0.0, 0.0, 0.0, 0.0, 0.0, 0.0]","[0.0, 0.0, 0.0, 0.0, 0.0, 0.0, 0.0, 0.0]","[0.0, 0.0, 0.0, 0.0, 0.0, 0.0, 0.0, 0.0]",True,boundary_uniform,0,simple_A,6,8,100000,conditional_diffusion,epsilon_greedy_00,4,0.75,0.5,1.0,1.0
eta_0p5_delta_1,0.5,1,/home/dev/workspace/dataset/nedo_dismantling_log/eval/unet_D64_T1000_S20_simple_20260504_204421/simple_A_T8_N6_eta0p5_D1_E100000/epsilon_greedy_00/condition_metadata.yaml,Object_4,4,/home/dev/workspace/dataset/nedo_dismantling_log/eval/unet_D64_T1000_S20_simple_20260504_204421/simple_A_T8_N6_eta0p5_D1_E100000/epsilon_greedy_00/Object_4/episode_4/rollout_data.pickle,0.0,0.0,0.0,8,"[0.0, 0.0, 0.0, 0.0, 0.0, 0.0, 0.0, 0.0]","[0.0, 0.0, 0.0, 0.0, 0.0, 0.0, 0.0, 0.0]","[0.0, 0.0, 0.0, 0.0, 0.0, 0.0, 0.0, 0.0]",True,boundary_uniform,0,simple_A,6,8,100000,conditional_diffusion,epsilon_greedy_00,2,0.625,0.25,1.0,1.0
eta_0p5_delta_1,0.5,1,/home/dev/workspace/dataset/nedo_dismantling_log/eval/unet_D64_T1000_S20_simple_20260504_204421/simple_A_T8_N6_eta0p5_D1_E100000/epsilon_greedy_00/condition_metadata.yaml,Object_4,5,/home/dev/workspace/dataset/nedo_dismantling_log/eval/unet_D64_T1000_S20_simple_20260504_204421/simple_A_T8_N6_eta0p5_D1_E100000/epsilon_greedy_00/Object_4/episode_5/rollout_data.pickle,0.0,0.0,0.0,8,"[0.0, 0.0, 0.0, 0.0, 0.0, 0.0, 0.0, 0.0]","[0.0, 0.0, 0.0, 0.0, 0.0, 0.0, 0.0, 0.0]","[0.0, 0.0, 0.0, 0.0, 0.0, 0.0, 0.0, 0.0]",True,boundary_uniform,0,simple_A,6,8,100000,conditional_diffusion,epsilon_greedy_00,1,0.625,0.125,1.0,1.0
eta_0p5_delta_1,0.5,1,/home/dev/workspace/dataset/nedo_dismantling_log/eval/unet_D64_T1000_S20_simple_20260504_204421/simple_A_T8_N6_eta0p5_D1_E100000/epsilon_greedy_00/condition_metadata.yaml,Object_5,0,/home/dev/workspace/dataset/nedo_dismantling_log/eval/unet_D64_T1000_S20_simple_20260504_204421/simple_A_T8_N6_eta0p5_D1_E100000/epsilon_greedy_00/Object_5/episode_0/rollout_data.pickle,33.0,33.33333333333333,99.99999166666737,8,"[0.0, 9.0, 12.0, 0.0, 0.0, 0.0, 12.0, 0.0]","[100.0, 75.0, 50.0, 50.0, 50.0, 50.0, 33.33333333333333, 33.33333333333333]","[1.1718749996185303, 1.7578124988555908, 3.1249999945746527, 7.49999996875, 19.99999977777778, 39.99999911111114, 66.66666296296316, 99.99999166666737]",True,boundary_uniform,0,simple_A,6,8,100000,conditional_diffusion,epsilon_greedy_00,4,0.625,0.5,1.0,1.0
eta_0p5_delta_1,0.5,1,/home/dev/workspace/dataset/nedo_dismantling_log/eval/unet_D64_T1000_S20_simple_20260504_204421/simple_A_T8_N6_eta0p5_D1_E100000/epsilon_greedy_00/condition_metadata.yaml,Object_5,1,/home/dev/workspace/dataset/nedo_dismantling_log/eval/unet_D64_T1000_S20_simple_20260504_204421/simple_A_T8_N6_eta0p5_D1_E100000/epsilon_greedy_00/Object_5/episode_1/rollout_data.pickle,0.0,33.33333333333333,99.99999166666737,8,"[0.0, 0.0, 0.0, 0.0, 0.0, 0.0, 0.0, 0.0]","[33.33333333333333, 33.33333333333333, 33.33333333333333, 33.33333333333333, 33.33333333333333, 33.33333333333333, 33.33333333333333, 33.33333333333333]","[99.99999166666737, 99.99999166666737, 99.99999166666737, 99.99999166666737, 99.99999166666737, 99.99999166666737, 99.99999166666737, 99.99999166666737]",True,boundary_uniform,0,simple_A,6,8,100000,conditional_diffusion,epsilon_greedy_00,5,0.625,0.625,1.0,1.0
eta_0p5_delta_1,0.5,1,/home/dev/workspace/dataset/nedo_dismantling_log/eval/unet_D64_T1000_S20_simple_20260504_204421/simple_A_T8_N6_eta0p5_D1_E100000/epsilon_greedy_00/condition_metadata.yaml,Object_5,2,/home/dev/workspace/dataset/nedo_dismantling_log/eval/unet_D64_T1000_S20_simple_20260504_204421/simple_A_T8_N6_eta0p5_D1_E100000/epsilon_greedy_00/Object_5/episode_2/rollout_data.pickle,0.0,33.33333333333333,99.99999166666737,8,"[0.0, 0.0, 0.0, 0.0, 0.0, 0.0, 0.0, 0.0]","[33.33333333333333, 33.33333333333333, 33.33333333333333, 33.33333333333333, 33.33333333333333, 33.33333333333333, 33.33333333333333, 33.33333333333333]","[99.99999166666737, 99.99999166666737, 99.99999166666737, 99.99999166666737, 99.99999166666737, 99.99999166666737, 99.99999166666737, 99.99999166666737]",True,boundary_uniform,0,simple_A,6,8,100000,conditional_diffusion,epsilon_greedy_00,3,0.625,0.375,1.0,1.0
eta_0p5_delta_1,0.5,1,/home/dev/workspace/dataset/nedo_dismantling_log/eval/unet_D64_T1000_S20_simple_20260504_204421/simple_A_T8_N6_eta0p5_D1_E100000/epsilon_greedy_00/condition_metadata.yaml,Object_5,3,/home/dev/workspace/dataset/nedo_dismantling_log/eval/unet_D64_T1000_S20_simple_20260504_204421/simple_A_T8_N6_eta0p5_D1_E100000/epsilon_greedy_00/Object_5/episode_3/rollout_data.pickle,0.0,33.33333333333333,99.99999166666737,8,"[0.0, 0.0, 0.0, 0.0, 0.0, 0.0, 0.0, 0.0]","[33.33333333333333, 33.33333333333333, 33.33333333333333, 33.33333333333333, 33.33333333333333, 33.33333333333333, 33.33333333333333, 33.33333333333333]","[99.99999166666737, 99.99999166666737, 99.99999166666737, 99.99999166666737, 99.99999166666737, 99.99999166666737, 99.99999166666737, 99.99999166666737]",True,boundary_uniform,0,simple_A,6,8,100000,conditional_diffusion,epsilon_greedy_00,3,0.5,0.375,1.0,1.0
eta_0p5_delta_1,0.5,1,/home/dev/workspace/dataset/nedo_dismantling_log/eval/unet_D64_T1000_S20_simple_20260504_204421/simple_A_T8_N6_eta0p5_D1_E100000/epsilon_greedy_00/condition_metadata.yaml,Object_5,4,/home/dev/workspace/dataset/nedo_dismantling_log/eval/unet_D64_T1000_S20_simple_20260504_204421/simple_A_T8_N6_eta0p5_D1_E100000/epsilon_greedy_00/Object_5/episode_4/rollout_data.pickle,0.0,33.33333333333333,99.99999166666737,8,"[0.0, 0.0, 0.0, 0.0, 0.0, 0.0, 0.0, 0.0]","[33.33333333333333, 33.33333333333333, 33.33333333333333, 33.33333333333333, 33.33333333333333, 33.33333333333333, 33.33333333333333, 33.33333333333333]","[99.99999166666737, 99.99999166666737, 99.99999166666737, 99.99999166666737, 99.99999166666737, 99.99999166666737, 99.99999166666737, 99.99999166666737]",True,boundary_uniform,0,simple_A,6,8,100000,conditional_diffusion,epsilon_greedy_00,2,0.5,0.25,1.0,1.0
eta_0p5_delta_1,0.5,1,/home/dev/workspace/dataset/nedo_dismantling_log/eval/unet_D64_T1000_S20_simple_20260504_204421/simple_A_T8_N6_eta0p5_D1_E100000/epsilon_greedy_00/condition_metadata.yaml,Object_5,5,/home/dev/workspace/dataset/nedo_dismantling_log/eval/unet_D64_T1000_S20_simple_20260504_204421/simple_A_T8_N6_eta0p5_D1_E100000/epsilon_greedy_00/Object_5/episode_5/rollout_data.pickle,0.0,33.33333333333333,99.99999166666737,8,"[0.0, 0.0, 0.0, 0.0, 0.0, 0.0, 0.0, 0.0]","[33.33333333333333, 33.33333333333333, 33.33333333333333, 33.33333333333333, 33.33333333333333, 33.33333333333333, 33.33333333333333, 33.33333333333333]","[99.99999166666737, 99.99999166666737, 99.99999166666737, 99.99999166666737, 99.99999166666737, 99.99999166666737, 99.99999166666737, 99.99999166666737]",True,boundary_uniform,0,simple_A,6,8,100000,conditional_diffusion,epsilon_greedy_00,3,0.75,0.375,1.0,1.0
eta_0p5_delta_1,0.5,1,/home/dev/workspace/dataset/nedo_dismantling_log/eval/unet_D64_T1000_S20_simple_20260504_204421/simple_A_T8_N6_eta0p5_D1_E100000/epsilon_greedy_00/condition_metadata.yaml,Object_6,0,/home/dev/workspace/dataset/nedo_dismantling_log/eval/unet_D64_T1000_S20_simple_20260504_204421/simple_A_T8_N6_eta0p5_D1_E100000/epsilon_greedy_00/Object_6/episode_0/rollout_data.pickle,24.0,56.25,59.9999986666667,8,"[0.0, 0.0, 0.0, 0.0, 0.0, 0.0, 12.0, 12.0]","[100.0, 100.0, 100.0, 100.0, 100.0, 100.0, 75.0, 56.25]","[1.5624999994913737, 2.4999999986979162, 4.285714281887755, 8.571428556122449, 17.142857081632652, 23.99999988, 29.99999975, 59.9999986666667]",True,boundary_uniform,0,simple_A,6,8,100000,conditional_diffusion,epsilon_greedy_00,6,0.75,0.75,1.0,1.0
eta_0p5_delta_1,0.5,1,/home/dev/workspace/dataset/nedo_dismantling_log/eval/unet_D64_T1000_S20_simple_20260504_204421/simple_A_T8_N6_eta0p5_D1_E100000/epsilon_greedy_00/condition_metadata.yaml,Object_6,1,/home/dev/workspace/dataset/nedo_dismantling_log/eval/unet_D64_T1000_S20_simple_20260504_204421/simple_A_T8_N6_eta0p5_D1_E100000/epsilon_greedy_00/Object_6/episode_1/rollout_data.pickle,16.0,37.5,99.99999444444475,8,"[0.0, 16.0, 0.0, 0.0, 0.0, 0.0, 0.0, 0.0]","[56.25, 37.5, 37.5, 37.5, 37.5, 37.5, 37.5, 37.5]","[59.9999986666667, 99.99999444444475, 99.99999444444475, 99.99999444444475, 99.99999444444475, 99.99999444444475, 99.99999444444475, 99.99999444444475]",True,boundary_uniform,0,simple_A,6,8,100000,conditional_diffusion,epsilon_greedy_00,3,0.75,0.375,1.0,1.0
eta_0p5_delta_1,0.5,1,/home/dev/workspace/dataset/nedo_dismantling_log/eval/unet_D64_T1000_S20_simple_20260504_204421/simple_A_T8_N6_eta0p5_D1_E100000/epsilon_greedy_00/condition_metadata.yaml,Object_6,2,/home/dev/workspace/dataset/nedo_dismantling_log/eval/unet_D64_T1000_S20_simple_20260504_204421/simple_A_T8_N6_eta0p5_D1_E100000/epsilon_greedy_00/Object_6/episode_2/rollout_data.pickle,0.0,37.5,99.99999444444475,8,"[0.0, 0.0, 0.0, 0.0, 0.0, 0.0, 0.0, 0.0]","[37.5, 37.5, 37.5, 37.5, 37.5, 37.5, 37.5, 37.5]","[99.99999444444475, 99.99999444444475, 99.99999444444475, 99.99999444444475, 99.99999444444475, 99.99999444444475, 99.99999444444475, 99.99999444444475]",True,boundary_uniform,0,simple_A,6,8,100000,conditional_diffusion,epsilon_greedy_00,5,0.875,0.625,1.0,1.0
eta_0p5_delta_1,0.5,1,/home/dev/workspace/dataset/nedo_dismantling_log/eval/unet_D64_T1000_S20_simple_20260504_204421/simple_A_T8_N6_eta0p5_D1_E100000/epsilon_greedy_00/condition_metadata.yaml,Object_6,3,/home/dev/workspace/dataset/nedo_dismantling_log/eval/unet_D64_T1000_S20_simple_20260504_204421/simple_A_T8_N6_eta0p5_D1_E100000/epsilon_greedy_00/Object_6/episode_3/rollout_data.pickle,0.0,37.5,99.99999444444475,8,"[0.0, 0.0, 0.0, 0.0, 0.0, 0.0, 0.0, 0.0]","[37.5, 37.5, 37.5, 37.5, 37.5, 37.5, 37.5, 37.5]","[99.99999444444475, 99.99999444444475, 99.99999444444475, 99.99999444444475, 99.99999444444475, 99.99999444444475, 99.99999444444475, 99.99999444444475]",True,boundary_uniform,0,simple_A,6,8,100000,conditional_diffusion,epsilon_greedy_00,2,0.5,0.25,1.0,1.0
eta_0p5_delta_1,0.5,1,/home/dev/workspace/dataset/nedo_dismantling_log/eval/unet_D64_T1000_S20_simple_20260504_204421/simple_A_T8_N6_eta0p5_D1_E100000/epsilon_greedy_00/condition_metadata.yaml,Object_6,4,/home/dev/workspace/dataset/nedo_dismantling_log/eval/unet_D64_T1000_S20_simple_20260504_204421/simple_A_T8_N6_eta0p5_D1_E100000/epsilon_greedy_00/Object_6/episode_4/rollout_data.pickle,0.0,37.5,99.99999444444475,8,"[0.0, 0.0, 0.0, 0.0, 0.0, 0.0, 0.0, 0.0]","[37.5, 37.5, 37.5, 37.5, 37.5, 37.5, 37.5, 37.5]","[99.99999444444475, 99.99999444444475, 99.99999444444475, 99.99999444444475, 99.99999444444475, 99.99999444444475, 99.99999444444475, 99.99999444444475]",True,boundary_uniform,0,simple_A,6,8,100000,conditional_diffusion,epsilon_greedy_00,6,1.0,0.75,1.0,1.0
eta_0p5_delta_1,0.5,1,/home/dev/workspace/dataset/nedo_dismantling_log/eval/unet_D64_T1000_S20_simple_20260504_204421/simple_A_T8_N6_eta0p5_D1_E100000/epsilon_greedy_00/condition_metadata.yaml,Object_6,5,/home/dev/workspace/dataset/nedo_dismantling_log/eval/unet_D64_T1000_S20_simple_20260504_204421/simple_A_T8_N6_eta0p5_D1_E100000/epsilon_greedy_00/Object_6/episode_5/rollout_data.pickle,0.0,37.5,99.99999444444475,8,"[0.0, 0.0, 0.0, 0.0, 0.0, 0.0, 0.0, 0.0]","[37.5, 37.5, 37.5, 37.5, 37.5, 37.5, 37.5, 37.5]","[99.99999444444475, 99.99999444444475, 99.99999444444475, 99.99999444444475, 99.99999444444475, 99.99999444444475, 99.99999444444475, 99.99999444444475]",True,boundary_uniform,0,simple_A,6,8,100000,conditional_diffusion,epsilon_greedy_00,3,0.5,0.375,1.0,1.0
eta_1p0_delta_1,1.0,1,/home/dev/workspace/dataset/nedo_dismantling_log/eval/unet_D64_T1000_S20_simple_20260504_204421/simple_A_T8_N6_eta1p0_D1_E100000/epsilon_greedy_00/condition_metadata.yaml,Object_4,0,/home/dev/workspace/dataset/nedo_dismantling_log/eval/unet_D64_T1000_S20_simple_20260504_204421/simple_A_T8_N6_eta1p0_D1_E100000/epsilon_greedy_00/Object_4/episode_0/rollout_data.pickle,6.0,75.0,10.714285650510206,8,"[0.0, 0.0, 0.0, 6.0, 0.0, 0.0, 0.0, 0.0]","[100.0, 100.0, 100.0, 75.0, 75.0, 75.0, 75.0, 75.0]","[0.937499999633789, 2.1428571409438777, 4.285714278061224, 10.714285650510206, 10.714285650510206, 10.714285650510206, 10.714285650510206, 10.714285650510206]",True,boundary_uniform,0,simple_A,6,8,100000,conditional_diffusion,epsilon_greedy_00,2,0.75,0.25,1.0,1.0
eta_1p0_delta_1,1.0,1,/home/dev/workspace/dataset/nedo_dismantling_log/eval/unet_D64_T1000_S20_simple_20260504_204421/simple_A_T8_N6_eta1p0_D1_E100000/epsilon_greedy_00/condition_metadata.yaml,Object_4,1,/home/dev/workspace/dataset/nedo_dismantling_log/eval/unet_D64_T1000_S20_simple_20260504_204421/simple_A_T8_N6_eta1p0_D1_E100000/epsilon_greedy_00/Object_4/episode_1/rollout_data.pickle,0.0,75.0,10.714285650510206,8,"[0.0, 0.0, 0.0, 0.0, 0.0, 0.0, 0.0, 0.0]","[75.0, 75.0, 75.0, 75.0, 75.0, 75.0, 75.0, 75.0]","[10.714285650510206, 10.714285650510206, 10.714285650510206, 10.714285650510206, 10.714285650510206, 10.714285650510206, 10.714285650510206, 10.714285650510206]",True,boundary_uniform,0,simple_A,6,8,100000,conditional_diffusion,epsilon_greedy_00,5,0.625,0.625,1.0,1.0
eta_1p0_delta_1,1.0,1,/home/dev/workspace/dataset/nedo_dismantling_log/eval/unet_D64_T1000_S20_simple_20260504_204421/simple_A_T8_N6_eta1p0_D1_E100000/epsilon_greedy_00/condition_metadata.yaml,Object_4,2,/home/dev/workspace/dataset/nedo_dismantling_log/eval/unet_D64_T1000_S20_simple_20260504_204421/simple_A_T8_N6_eta1p0_D1_E100000/epsilon_greedy_00/Object_4/episode_2/rollout_data.pickle,0.0,75.0,10.714285650510206,8,"[0.0, 0.0, 0.0, 0.0, 0.0, 0.0, 0.0, 0.0]","[75.0, 75.0, 75.0, 75.0, 75.0, 75.0, 75.0, 75.0]","[10.714285650510206, 10.714285650510206, 10.714285650510206, 10.714285650510206, 10.714285650510206, 10.714285650510206, 10.714285650510206, 10.714285650510206]",True,boundary_uniform,0,simple_A,6,8,100000,conditional_diffusion,epsilon_greedy_00,3,0.625,0.375,1.0,1.0
eta_1p0_delta_1,1.0,1,/home/dev/workspace/dataset/nedo_dismantling_log/eval/unet_D64_T1000_S20_simple_20260504_204421/simple_A_T8_N6_eta1p0_D1_E100000/epsilon_greedy_00/condition_metadata.yaml,Object_4,3,/home/dev/workspace/dataset/nedo_dismantling_log/eval/unet_D64_T1000_S20_simple_20260504_204421/simple_A_T8_N6_eta1p0_D1_E100000/epsilon_greedy_00/Object_4/episode_3/rollout_data.pickle,0.0,75.0,10.714285650510206,8,"[0.0, 0.0, 0.0, 0.0, 0.0, 0.0, 0.0, 0.0]","[75.0, 75.0, 75.0, 75.0, 75.0, 75.0, 75.0, 75.0]","[10.714285650510206, 10.714285650510206, 10.714285650510206, 10.714285650510206, 10.714285650510206, 10.714285650510206, 10.714285650510206, 10.714285650510206]",True,boundary_uniform,0,simple_A,6,8,100000,conditional_diffusion,epsilon_greedy_00,4,0.75,0.5,1.0,1.0
eta_1p0_delta_1,1.0,1,/home/dev/workspace/dataset/nedo_dismantling_log/eval/unet_D64_T1000_S20_simple_20260504_204421/simple_A_T8_N6_eta1p0_D1_E100000/epsilon_greedy_00/condition_metadata.yaml,Object_4,4,/home/dev/workspace/dataset/nedo_dismantling_log/eval/unet_D64_T1000_S20_simple_20260504_204421/simple_A_T8_N6_eta1p0_D1_E100000/epsilon_greedy_00/Object_4/episode_4/rollout_data.pickle,0.0,75.0,10.714285650510206,8,"[0.0, 0.0, 0.0, 0.0, 0.0, 0.0, 0.0, 0.0]","[75.0, 75.0, 75.0, 75.0, 75.0, 75.0, 75.0, 75.0]","[10.714285650510206, 10.714285650510206, 10.714285650510206, 10.714285650510206, 10.714285650510206, 10.714285650510206, 10.714285650510206, 10.714285650510206]",True,boundary_uniform,0,simple_A,6,8,100000,conditional_diffusion,epsilon_greedy_00,2,0.625,0.25,1.0,1.0
eta_1p0_delta_1,1.0,1,/home/dev/workspace/dataset/nedo_dismantling_log/eval/unet_D64_T1000_S20_simple_20260504_204421/simple_A_T8_N6_eta1p0_D1_E100000/epsilon_greedy_00/condition_metadata.yaml,Object_4,5,/home/dev/workspace/dataset/nedo_dismantling_log/eval/unet_D64_T1000_S20_simple_20260504_204421/simple_A_T8_N6_eta1p0_D1_E100000/epsilon_greedy_00/Object_4/episode_5/rollout_data.pickle,0.0,75.0,10.714285650510206,8,"[0.0, 0.0, 0.0, 0.0, 0.0, 0.0, 0.0, 0.0]","[75.0, 75.0, 75.0, 75.0, 75.0, 75.0, 75.0, 75.0]","[10.714285650510206, 10.714285650510206, 10.714285650510206, 10.714285650510206, 10.714285650510206, 10.714285650510206, 10.714285650510206, 10.714285650510206]",True,boundary_uniform,0,simple_A,6,8,100000,conditional_diffusion,epsilon_greedy_00,1,0.625,0.125,1.0,1.0
eta_1p0_delta_1,1.0,1,/home/dev/workspace/dataset/nedo_dismantling_log/eval/unet_D64_T1000_S20_simple_20260504_204421/simple_A_T8_N6_eta1p0_D1_E100000/epsilon_greedy_00/condition_metadata.yaml,Object_5,0,/home/dev/workspace/dataset/nedo_dismantling_log/eval/unet_D64_T1000_S20_simple_20260504_204421/simple_A_T8_N6_eta1p0_D1_E100000/epsilon_greedy_00/Object_5/episode_0/rollout_data.pickle,24.0,33.33333333333333,3.124999991861979,8,"[0.0, 24.0, 0.0, 0.0, 0.0, 0.0, 0.0, 0.0]","[100.0, 33.33333333333333, 33.33333333333333, 33.33333333333333, 33.33333333333333, 33.33333333333333, 33.33333333333333, 33.33333333333333]","[1.1718749996185303, 1.2499999986979167, 2.083333329716435, 3.124999991861979, 3.124999991861979, 3.124999991861979, 3.124999991861979, 3.124999991861979]",True,boundary_uniform,0,simple_A,6,8,100000,conditional_diffusion,epsilon_greedy_00,5,0.625,0.625,1.0,1.0
eta_1p0_delta_1,1.0,1,/home/dev/workspace/dataset/nedo_dismantling_log/eval/unet_D64_T1000_S20_simple_20260504_204421/simple_A_T8_N6_eta1p0_D1_E100000/epsilon_greedy_00/condition_metadata.yaml,Object_5,1,/home/dev/workspace/dataset/nedo_dismantling_log/eval/unet_D64_T1000_S20_simple_20260504_204421/simple_A_T8_N6_eta1p0_D1_E100000/epsilon_greedy_00/Object_5/episode_1/rollout_data.pickle,12.0,0.0,0.0,8,"[0.0, 0.0, 0.0, 0.0, 0.0, 0.0, 0.0, 12.0]","[33.33333333333333, 33.33333333333333, 33.33333333333333, 33.33333333333333, 33.33333333333333, 33.33333333333333, 33.33333333333333, 0.0]","[3.4090908994059923, 3.4090908994059923, 3.4090908994059923, 3.4090908994059923, 3.4090908994059923, 3.4090908994059923, 3.4090908994059923, 0.0]",True,boundary_uniform,0,simple_A,6,8,100000,conditional_diffusion,epsilon_greedy_00,5,0.625,0.625,1.0,1.0
eta_1p0_delta_1,1.0,1,/home/dev/workspace/dataset/nedo_dismantling_log/eval/unet_D64_T1000_S20_simple_20260504_204421/simple_A_T8_N6_eta1p0_D1_E100000/epsilon_greedy_00/condition_metadata.yaml,Object_5,2,/home/dev/workspace/dataset/nedo_dismantling_log/eval/unet_D64_T1000_S20_simple_20260504_204421/simple_A_T8_N6_eta1p0_D1_E100000/epsilon_greedy_00/Object_5/episode_2/rollout_data.pickle,0.0,0.0,0.0,8,"[0.0, 0.0, 0.0, 0.0, 0.0, 0.0, 0.0, 0.0]","[0.0, 0.0, 0.0, 0.0, 0.0, 0.0, 0.0, 0.0]","[0.0, 0.0, 0.0, 0.0, 0.0, 0.0, 0.0, 0.0]",True,boundary_uniform,0,simple_A,6,8,100000,conditional_diffusion,epsilon_greedy_00,3,0.625,0.375,1.0,1.0
eta_1p0_delta_1,1.0,1,/home/dev/workspace/dataset/nedo_dismantling_log/eval/unet_D64_T1000_S20_simple_20260504_204421/simple_A_T8_N6_eta1p0_D1_E100000/epsilon_greedy_00/condition_metadata.yaml,Object_5,3,/home/dev/workspace/dataset/nedo_dismantling_log/eval/unet_D64_T1000_S20_simple_20260504_204421/simple_A_T8_N6_eta1p0_D1_E100000/epsilon_greedy_00/Object_5/episode_3/rollout_data.pickle,0.0,0.0,0.0,8,"[0.0, 0.0, 0.0, 0.0, 0.0, 0.0, 0.0, 0.0]","[0.0, 0.0, 0.0, 0.0, 0.0, 0.0, 0.0, 0.0]","[0.0, 0.0, 0.0, 0.0, 0.0, 0.0, 0.0, 0.0]",True,boundary_uniform,0,simple_A,6,8,100000,conditional_diffusion,epsilon_greedy_00,3,0.5,0.375,1.0,1.0
eta_1p0_delta_1,1.0,1,/home/dev/workspace/dataset/nedo_dismantling_log/eval/unet_D64_T1000_S20_simple_20260504_204421/simple_A_T8_N6_eta1p0_D1_E100000/epsilon_greedy_00/condition_metadata.yaml,Object_5,4,/home/dev/workspace/dataset/nedo_dismantling_log/eval/unet_D64_T1000_S20_simple_20260504_204421/simple_A_T8_N6_eta1p0_D1_E100000/epsilon_greedy_00/Object_5/episode_4/rollout_data.pickle,0.0,0.0,0.0,8,"[0.0, 0.0, 0.0, 0.0, 0.0, 0.0, 0.0, 0.0]","[0.0, 0.0, 0.0, 0.0, 0.0, 0.0, 0.0, 0.0]","[0.0, 0.0, 0.0, 0.0, 0.0, 0.0, 0.0, 0.0]",True,boundary_uniform,0,simple_A,6,8,100000,conditional_diffusion,epsilon_greedy_00,2,0.5,0.25,1.0,1.0
eta_1p0_delta_1,1.0,1,/home/dev/workspace/dataset/nedo_dismantling_log/eval/unet_D64_T1000_S20_simple_20260504_204421/simple_A_T8_N6_eta1p0_D1_E100000/epsilon_greedy_00/condition_metadata.yaml,Object_5,5,/home/dev/workspace/dataset/nedo_dismantling_log/eval/unet_D64_T1000_S20_simple_20260504_204421/simple_A_T8_N6_eta1p0_D1_E100000/epsilon_greedy_00/Object_5/episode_5/rollout_data.pickle,0.0,0.0,0.0,8,"[0.0, 0.0, 0.0, 0.0, 0.0, 0.0, 0.0, 0.0]","[0.0, 0.0, 0.0, 0.0, 0.0, 0.0, 0.0, 0.0]","[0.0, 0.0, 0.0, 0.0, 0.0, 0.0, 0.0, 0.0]",True,boundary_uniform,0,simple_A,6,8,100000,conditional_diffusion,epsilon_greedy_00,3,0.75,0.375,1.0,1.0
eta_1p0_delta_1,1.0,1,/home/dev/workspace/dataset/nedo_dismantling_log/eval/unet_D64_T1000_S20_simple_20260504_204421/simple_A_T8_N6_eta1p0_D1_E100000/epsilon_greedy_00/condition_metadata.yaml,Object_6,0,/home/dev/workspace/dataset/nedo_dismantling_log/eval/unet_D64_T1000_S20_simple_20260504_204421/simple_A_T8_N6_eta1p0_D1_E100000/epsilon_greedy_00/Object_6/episode_0/rollout_data.pickle,12.0,75.0,4.687499993896484,8,"[0.0, 12.0, 0.0, 0.0, 0.0, 0.0, 0.0, 0.0]","[100.0, 75.0, 75.0, 75.0, 75.0, 75.0, 75.0, 75.0]","[1.5624999994913737, 2.678571426578444, 4.687499993896484, 4.687499993896484, 4.687499993896484, 4.687499993896484, 4.687499993896484, 4.687499993896484]",True,boundary_uniform,0,simple_A,6,8,100000,conditional_diffusion,epsilon_greedy_00,4,0.75,0.5,1.0,1.0
eta_1p0_delta_1,1.0,1,/home/dev/workspace/dataset/nedo_dismantling_log/eval/unet_D64_T1000_S20_simple_20260504_204421/simple_A_T8_N6_eta1p0_D1_E100000/epsilon_greedy_00/condition_metadata.yaml,Object_6,1,/home/dev/workspace/dataset/nedo_dismantling_log/eval/unet_D64_T1000_S20_simple_20260504_204421/simple_A_T8_N6_eta1p0_D1_E100000/epsilon_greedy_00/Object_6/episode_1/rollout_data.pickle,36.0,0.0,0.0,8,"[0.0, 36.0, 0.0, 0.0, 0.0, 0.0, 0.0, 0.0]","[75.0, 0.0, 0.0, 0.0, 0.0, 0.0, 0.0, 0.0]","[5.624999991210937, 0.0, 0.0, 0.0, 0.0, 0.0, 0.0, 0.0]",True,boundary_uniform,0,simple_A,6,8,100000,conditional_diffusion,epsilon_greedy_00,3,0.75,0.375,1.0,1.0
eta_1p0_delta_1,1.0,1,/home/dev/workspace/dataset/nedo_dismantling_log/eval/unet_D64_T1000_S20_simple_20260504_204421/simple_A_T8_N6_eta1p0_D1_E100000/epsilon_greedy_00/condition_metadata.yaml,Object_6,2,/home/dev/workspace/dataset/nedo_dismantling_log/eval/unet_D64_T1000_S20_simple_20260504_204421/simple_A_T8_N6_eta1p0_D1_E100000/epsilon_greedy_00/Object_6/episode_2/rollout_data.pickle,0.0,0.0,0.0,8,"[0.0, 0.0, 0.0, 0.0, 0.0, 0.0, 0.0, 0.0]","[0.0, 0.0, 0.0, 0.0, 0.0, 0.0, 0.0, 0.0]","[0.0, 0.0, 0.0, 0.0, 0.0, 0.0, 0.0, 0.0]",True,boundary_uniform,0,simple_A,6,8,100000,conditional_diffusion,epsilon_greedy_00,5,0.875,0.625,1.0,1.0
eta_1p0_delta_1,1.0,1,/home/dev/workspace/dataset/nedo_dismantling_log/eval/unet_D64_T1000_S20_simple_20260504_204421/simple_A_T8_N6_eta1p0_D1_E100000/epsilon_greedy_00/condition_metadata.yaml,Object_6,3,/home/dev/workspace/dataset/nedo_dismantling_log/eval/unet_D64_T1000_S20_simple_20260504_204421/simple_A_T8_N6_eta1p0_D1_E100000/epsilon_greedy_00/Object_6/episode_3/rollout_data.pickle,0.0,0.0,0.0,8,"[0.0, 0.0, 0.0, 0.0, 0.0, 0.0, 0.0, 0.0]","[0.0, 0.0, 0.0, 0.0, 0.0, 0.0, 0.0, 0.0]","[0.0, 0.0, 0.0, 0.0, 0.0, 0.0, 0.0, 0.0]",True,boundary_uniform,0,simple_A,6,8,100000,conditional_diffusion,epsilon_greedy_00,2,0.5,0.25,1.0,1.0
eta_1p0_delta_1,1.0,1,/home/dev/workspace/dataset/nedo_dismantling_log/eval/unet_D64_T1000_S20_simple_20260504_204421/simple_A_T8_N6_eta1p0_D1_E100000/epsilon_greedy_00/condition_metadata.yaml,Object_6,4,/home/dev/workspace/dataset/nedo_dismantling_log/eval/unet_D64_T1000_S20_simple_20260504_204421/simple_A_T8_N6_eta1p0_D1_E100000/epsilon_greedy_00/Object_6/episode_4/rollout_data.pickle,0.0,0.0,0.0,8,"[0.0, 0.0, 0.0, 0.0, 0.0, 0.0, 0.0, 0.0]","[0.0, 0.0, 0.0, 0.0, 0.0, 0.0, 0.0, 0.0]","[0.0, 0.0, 0.0, 0.0, 0.0, 0.0, 0.0, 0.0]",True,boundary_uniform,0,simple_A,6,8,100000,conditional_diffusion,epsilon_greedy_00,6,1.0,0.75,1.0,1.0
eta_1p0_delta_1,1.0,1,/home/dev/workspace/dataset/nedo_dismantling_log/eval/unet_D64_T1000_S20_simple_20260504_204421/simple_A_T8_N6_eta1p0_D1_E100000/epsilon_greedy_00/condition_metadata.yaml,Object_6,5,/home/dev/workspace/dataset/nedo_dismantling_log/eval/unet_D64_T1000_S20_simple_20260504_204421/simple_A_T8_N6_eta1p0_D1_E100000/epsilon_greedy_00/Object_6/episode_5/rollout_data.pickle,0.0,0.0,0.0,8,"[0.0, 0.0, 0.0, 0.0, 0.0, 0.0, 0.0, 0.0]","[0.0, 0.0, 0.0, 0.0, 0.0, 0.0, 0.0, 0.0]","[0.0, 0.0, 0.0, 0.0, 0.0, 0.0, 0.0, 0.0]",True,boundary_uniform,0,simple_A,6,8,100000,conditional_diffusion,epsilon_greedy_00,3,0.5,0.375,1.0,1.0
eta_0p0_delta_2,0.0,2,/home/dev/workspace/dataset/nedo_dismantling_log/eval/unet_D64_T1000_S20_simple_20260504_204421/simple_A_T8_N6_eta0p0_D2_E100000/epsilon_greedy_00/condition_metadata.yaml,Object_4,0,/home/dev/workspace/dataset/nedo_dismantling_log/eval/unet_D64_T1000_S20_simple_20260504_204421/simple_A_T8_N6_eta0p0_D2_E100000/epsilon_greedy_00/Object_4/episode_0/rollout_data.pickle,48.0,0.0,0.0,8,"[6.0, 8.0, 0.0, 6.0, 12.0, 16.0, 0.0, 0.0]","[75.0, 50.0, 50.0, 33.33333333333333, 16.666666666666664, 0.0, 0.0, 0.0]","[0.7812499996609159, 1.666666664351852, 3.333333324074074, 9.999999875000002, 39.9999960000004, 0.0, 0.0, 0.0]",True,boundary_uniform,0,simple_A,6,8,100000,conditional_diffusion,epsilon_greedy_00,5,1.375,0.875,2.0,2.0
eta_0p0_delta_2,0.0,2,/home/dev/workspace/dataset/nedo_dismantling_log/eval/unet_D64_T1000_S20_simple_20260504_204421/simple_A_T8_N6_eta0p0_D2_E100000/epsilon_greedy_00/condition_metadata.yaml,Object_4,1,/home/dev/workspace/dataset/nedo_dismantling_log/eval/unet_D64_T1000_S20_simple_20260504_204421/simple_A_T8_N6_eta0p0_D2_E100000/epsilon_greedy_00/Object_4/episode_1/rollout_data.pickle,0.0,0.0,0.0,8,"[0.0, 0.0, 0.0, 0.0, 0.0, 0.0, 0.0, 0.0]","[0.0, 0.0, 0.0, 0.0, 0.0, 0.0, 0.0, 0.0]","[0.0, 0.0, 0.0, 0.0, 0.0, 0.0, 0.0, 0.0]",True,boundary_uniform,0,simple_A,6,8,100000,conditional_diffusion,epsilon_greedy_00,7,1.375,1.375,2.0,2.0
eta_0p0_delta_2,0.0,2,/home/dev/workspace/dataset/nedo_dismantling_log/eval/unet_D64_T1000_S20_simple_20260504_204421/simple_A_T8_N6_eta0p0_D2_E100000/epsilon_greedy_00/condition_metadata.yaml,Object_4,2,/home/dev/workspace/dataset/nedo_dismantling_log/eval/unet_D64_T1000_S20_simple_20260504_204421/simple_A_T8_N6_eta0p0_D2_E100000/epsilon_greedy_00/Object_4/episode_2/rollout_data.pickle,0.0,0.0,0.0,8,"[0.0, 0.0, 0.0, 0.0, 0.0, 0.0, 0.0, 0.0]","[0.0, 0.0, 0.0, 0.0, 0.0, 0.0, 0.0, 0.0]","[0.0, 0.0, 0.0, 0.0, 0.0, 0.0, 0.0, 0.0]",True,boundary_uniform,0,simple_A,6,8,100000,conditional_diffusion,epsilon_greedy_00,4,1.125,0.75,2.0,2.0
eta_0p0_delta_2,0.0,2,/home/dev/workspace/dataset/nedo_dismantling_log/eval/unet_D64_T1000_S20_simple_20260504_204421/simple_A_T8_N6_eta0p0_D2_E100000/epsilon_greedy_00/condition_metadata.yaml,Object_4,3,/home/dev/workspace/dataset/nedo_dismantling_log/eval/unet_D64_T1000_S20_simple_20260504_204421/simple_A_T8_N6_eta0p0_D2_E100000/epsilon_greedy_00/Object_4/episode_3/rollout_data.pickle,0.0,0.0,0.0,8,"[0.0, 0.0, 0.0, 0.0, 0.0, 0.0, 0.0, 0.0]","[0.0, 0.0, 0.0, 0.0, 0.0, 0.0, 0.0, 0.0]","[0.0, 0.0, 0.0, 0.0, 0.0, 0.0, 0.0, 0.0]",True,boundary_uniform,0,simple_A,6,8,100000,conditional_diffusion,epsilon_greedy_00,5,1.375,0.875,2.0,2.0
eta_0p0_delta_2,0.0,2,/home/dev/workspace/dataset/nedo_dismantling_log/eval/unet_D64_T1000_S20_simple_20260504_204421/simple_A_T8_N6_eta0p0_D2_E100000/epsilon_greedy_00/condition_metadata.yaml,Object_4,4,/home/dev/workspace/dataset/nedo_dismantling_log/eval/unet_D64_T1000_S20_simple_20260504_204421/simple_A_T8_N6_eta0p0_D2_E100000/epsilon_greedy_00/Object_4/episode_4/rollout_data.pickle,0.0,0.0,0.0,8,"[0.0, 0.0, 0.0, 0.0, 0.0, 0.0, 0.0, 0.0]","[0.0, 0.0, 0.0, 0.0, 0.0, 0.0, 0.0, 0.0]","[0.0, 0.0, 0.0, 0.0, 0.0, 0.0, 0.0, 0.0]",True,boundary_uniform,0,simple_A,6,8,100000,conditional_diffusion,epsilon_greedy_00,2,1.125,0.5,2.0,2.0
eta_0p0_delta_2,0.0,2,/home/dev/workspace/dataset/nedo_dismantling_log/eval/unet_D64_T1000_S20_simple_20260504_204421/simple_A_T8_N6_eta0p0_D2_E100000/epsilon_greedy_00/condition_metadata.yaml,Object_4,5,/home/dev/workspace/dataset/nedo_dismantling_log/eval/unet_D64_T1000_S20_simple_20260504_204421/simple_A_T8_N6_eta0p0_D2_E100000/epsilon_greedy_00/Object_4/episode_5/rollout_data.pickle,0.0,0.0,0.0,8,"[0.0, 0.0, 0.0, 0.0, 0.0, 0.0, 0.0, 0.0]","[0.0, 0.0, 0.0, 0.0, 0.0, 0.0, 0.0, 0.0]","[0.0, 0.0, 0.0, 0.0, 0.0, 0.0, 0.0, 0.0]",True,boundary_uniform,0,simple_A,6,8,100000,conditional_diffusion,epsilon_greedy_00,2,1.25,0.25,2.0,1.0
eta_0p0_delta_2,0.0,2,/home/dev/workspace/dataset/nedo_dismantling_log/eval/unet_D64_T1000_S20_simple_20260504_204421/simple_A_T8_N6_eta0p0_D2_E100000/epsilon_greedy_00/condition_metadata.yaml,Object_5,0,/home/dev/workspace/dataset/nedo_dismantling_log/eval/unet_D64_T1000_S20_simple_20260504_204421/simple_A_T8_N6_eta0p0_D2_E100000/epsilon_greedy_00/Object_5/episode_0/rollout_data.pickle,33.0,25.0,44.99999775000011,8,"[0.0, 9.0, 0.0, 0.0, 0.0, 0.0, 24.0, 0.0]","[100.0, 75.0, 75.0, 75.0, 75.0, 75.0, 25.0, 25.0]","[1.1718749996185303, 1.7578124988555908, 4.017857136878189, 9.642857108418369, 19.285714147959183, 22.4999998125, 37.49999843750007, 44.99999775000011]",True,boundary_uniform,0,simple_A,6,8,100000,conditional_diffusion,epsilon_greedy_00,7,1.25,1.25,2.0,2.0
eta_0p0_delta_2,0.0,2,/home/dev/workspace/dataset/nedo_dismantling_log/eval/unet_D64_T1000_S20_simple_20260504_204421/simple_A_T8_N6_eta0p0_D2_E100000/epsilon_greedy_00/condition_metadata.yaml,Object_5,1,/home/dev/workspace/dataset/nedo_dismantling_log/eval/unet_D64_T1000_S20_simple_20260504_204421/simple_A_T8_N6_eta0p0_D2_E100000/epsilon_greedy_00/Object_5/episode_1/rollout_data.pickle,0.0,25.0,99.99998888889013,8,"[0.0, 0.0, 0.0, 0.0, 0.0, 0.0, 0.0, 0.0]","[25.0, 25.0, 25.0, 25.0, 25.0, 25.0, 25.0, 25.0]","[44.99999775000011, 56.24999648437522, 74.99999375000053, 99.99998888889013, 99.99998888889013, 99.99998888889013, 99.99998888889013, 99.99998888889013]",True,boundary_uniform,0,simple_A,6,8,100000,conditional_diffusion,epsilon_greedy_00,5,1.25,0.75,2.0,2.0
eta_0p0_delta_2,0.0,2,/home/dev/workspace/dataset/nedo_dismantling_log/eval/unet_D64_T1000_S20_simple_20260504_204421/simple_A_T8_N6_eta0p0_D2_E100000/epsilon_greedy_00/condition_metadata.yaml,Object_5,2,/home/dev/workspace/dataset/nedo_dismantling_log/eval/unet_D64_T1000_S20_simple_20260504_204421/simple_A_T8_N6_eta0p0_D2_E100000/epsilon_greedy_00/Object_5/episode_2/rollout_data.pickle,12.0,25.0,99.99998888889013,8,"[12.0, 0.0, 0.0, 0.0, 0.0, 0.0, 0.0, 0.0]","[25.0, 25.0, 25.0, 25.0, 25.0, 25.0, 25.0, 25.0]","[99.99998888889013, 99.99998888889013, 99.99998888889013, 99.99998888889013, 99.99998888889013, 99.99998888889013, 99.99998888889013, 99.99998888889013]",True,boundary_uniform,0,simple_A,6,8,100000,conditional_diffusion,epsilon_greedy_00,3,1.125,0.625,2.0,2.0
eta_0p0_delta_2,0.0,2,/home/dev/workspace/dataset/nedo_dismantling_log/eval/unet_D64_T1000_S20_simple_20260504_204421/simple_A_T8_N6_eta0p0_D2_E100000/epsilon_greedy_00/condition_metadata.yaml,Object_5,3,/home/dev/workspace/dataset/nedo_dismantling_log/eval/unet_D64_T1000_S20_simple_20260504_204421/simple_A_T8_N6_eta0p0_D2_E100000/epsilon_greedy_00/Object_5/episode_3/rollout_data.pickle,0.0,25.0,99.99998888889013,8,"[0.0, 0.0, 0.0, 0.0, 0.0, 0.0, 0.0, 0.0]","[25.0, 25.0, 25.0, 25.0, 25.0, 25.0, 25.0, 25.0]","[99.99998888889013, 99.99998888889013, 99.99998888889013, 99.99998888889013, 99.99998888889013, 99.99998888889013, 99.99998888889013, 99.99998888889013]",True,boundary_uniform,0,simple_A,6,8,100000,conditional_diffusion,epsilon_greedy_00,3,1.0,0.625,2.0,2.0
eta_0p0_delta_2,0.0,2,/home/dev/workspace/dataset/nedo_dismantling_log/eval/unet_D64_T1000_S20_simple_20260504_204421/simple_A_T8_N6_eta0p0_D2_E100000/epsilon_greedy_00/condition_metadata.yaml,Object_5,4,/home/dev/workspace/dataset/nedo_dismantling_log/eval/unet_D64_T1000_S20_simple_20260504_204421/simple_A_T8_N6_eta0p0_D2_E100000/epsilon_greedy_00/Object_5/episode_4/rollout_data.pickle,0.0,25.0,99.99998888889013,8,"[0.0, 0.0, 0.0, 0.0, 0.0, 0.0, 0.0, 0.0]","[25.0, 25.0, 25.0, 25.0, 25.0, 25.0, 25.0, 25.0]","[99.99998888889013, 99.99998888889013, 99.99998888889013, 99.99998888889013, 99.99998888889013, 99.99998888889013, 99.99998888889013, 99.99998888889013]",True,boundary_uniform,0,simple_A,6,8,100000,conditional_diffusion,epsilon_greedy_00,2,0.625,0.25,1.0,1.0
eta_0p0_delta_2,0.0,2,/home/dev/workspace/dataset/nedo_dismantling_log/eval/unet_D64_T1000_S20_simple_20260504_204421/simple_A_T8_N6_eta0p0_D2_E100000/epsilon_greedy_00/condition_metadata.yaml,Object_5,5,/home/dev/workspace/dataset/nedo_dismantling_log/eval/unet_D64_T1000_S20_simple_20260504_204421/simple_A_T8_N6_eta0p0_D2_E100000/epsilon_greedy_00/Object_5/episode_5/rollout_data.pickle,0.0,25.0,99.99998888889013,8,"[0.0, 0.0, 0.0, 0.0, 0.0, 0.0, 0.0, 0.0]","[25.0, 25.0, 25.0, 25.0, 25.0, 25.0, 25.0, 25.0]","[99.99998888889013, 99.99998888889013, 99.99998888889013, 99.99998888889013, 99.99998888889013, 99.99998888889013, 99.99998888889013, 99.99998888889013]",True,boundary_uniform,0,simple_A,6,8,100000,conditional_diffusion,epsilon_greedy_00,4,1.125,0.625,2.0,2.0
eta_0p0_delta_2,0.0,2,/home/dev/workspace/dataset/nedo_dismantling_log/eval/unet_D64_T1000_S20_simple_20260504_204421/simple_A_T8_N6_eta0p0_D2_E100000/epsilon_greedy_00/condition_metadata.yaml,Object_6,0,/home/dev/workspace/dataset/nedo_dismantling_log/eval/unet_D64_T1000_S20_simple_20260504_204421/simple_A_T8_N6_eta0p0_D2_E100000/epsilon_greedy_00/Object_6/episode_0/rollout_data.pickle,0.0,100.0,4.897959178675552,8,"[0.0, 0.0, 0.0, 0.0, 0.0, 0.0, 0.0, 0.0]","[100.0, 100.0, 100.0, 100.0, 100.0, 100.0, 100.0, 100.0]","[1.4423076918743065, 1.4423076918743065, 1.9230769223064597, 2.3076923065828403, 2.999999998125, 3.3333333310185185, 4.285714281887755, 4.897959178675552]",True,boundary_uniform,0,simple_A,6,8,100000,conditional_diffusion,epsilon_greedy_00,6,1.25,1.0,2.0,2.0
eta_0p0_delta_2,0.0,2,/home/dev/workspace/dataset/nedo_dismantling_log/eval/unet_D64_T1000_S20_simple_20260504_204421/simple_A_T8_N6_eta0p0_D2_E100000/epsilon_greedy_00/condition_metadata.yaml,Object_6,1,/home/dev/workspace/dataset/nedo_dismantling_log/eval/unet_D64_T1000_S20_simple_20260504_204421/simple_A_T8_N6_eta0p0_D2_E100000/epsilon_greedy_00/Object_6/episode_1/rollout_data.pickle,48.0,25.0,99.99999166666737,8,"[0.0, 24.0, 0.0, 24.0, 0.0, 0.0, 0.0, 0.0]","[100.0, 50.0, 50.0, 25.0, 25.0, 25.0, 25.0, 25.0]","[6.997084537905125, 12.244897896709704, 17.142857020408165, 29.99999925000002, 39.999998666666706, 49.99999791666675, 74.99999531250029, 99.99999166666737]",True,boundary_uniform,0,simple_A,6,8,100000,conditional_diffusion,epsilon_greedy_00,6,1.375,1.125,2.0,2.0
eta_0p0_delta_2,0.0,2,/home/dev/workspace/dataset/nedo_dismantling_log/eval/unet_D64_T1000_S20_simple_20260504_204421/simple_A_T8_N6_eta0p0_D2_E100000/epsilon_greedy_00/condition_metadata.yaml,Object_6,2,/home/dev/workspace/dataset/nedo_dismantling_log/eval/unet_D64_T1000_S20_simple_20260504_204421/simple_A_T8_N6_eta0p0_D2_E100000/epsilon_greedy_00/Object_6/episode_2/rollout_data.pickle,12.0,12.5,99.9999833333361,8,"[12.0, 0.0, 0.0, 0.0, 0.0, 0.0, 0.0, 0.0]","[12.5, 12.5, 12.5, 12.5, 12.5, 12.5, 12.5, 12.5]","[99.9999833333361, 99.9999833333361, 99.9999833333361, 99.9999833333361, 99.9999833333361, 99.9999833333361, 99.9999833333361, 99.9999833333361]",True,boundary_uniform,0,simple_A,6,8,100000,conditional_diffusion,epsilon_greedy_00,5,1.25,0.875,2.0,2.0
eta_0p0_delta_2,0.0,2,/home/dev/workspace/dataset/nedo_dismantling_log/eval/unet_D64_T1000_S20_simple_20260504_204421/simple_A_T8_N6_eta0p0_D2_E100000/epsilon_greedy_00/condition_metadata.yaml,Object_6,3,/home/dev/workspace/dataset/nedo_dismantling_log/eval/unet_D64_T1000_S20_simple_20260504_204421/simple_A_T8_N6_eta0p0_D2_E100000/epsilon_greedy_00/Object_6/episode_3/rollout_data.pickle,0.0,12.5,99.9999833333361,8,"[0.0, 0.0, 0.0, 0.0, 0.0, 0.0, 0.0, 0.0]","[12.5, 12.5, 12.5, 12.5, 12.5, 12.5, 12.5, 12.5]","[99.9999833333361, 99.9999833333361, 99.9999833333361, 99.9999833333361, 99.9999833333361, 99.9999833333361, 99.9999833333361, 99.9999833333361]",True,boundary_uniform,0,simple_A,6,8,100000,conditional_diffusion,epsilon_greedy_00,3,1.125,0.625,2.0,2.0
eta_0p0_delta_2,0.0,2,/home/dev/workspace/dataset/nedo_dismantling_log/eval/unet_D64_T1000_S20_simple_20260504_204421/simple_A_T8_N6_eta0p0_D2_E100000/epsilon_greedy_00/condition_metadata.yaml,Object_6,4,/home/dev/workspace/dataset/nedo_dismantling_log/eval/unet_D64_T1000_S20_simple_20260504_204421/simple_A_T8_N6_eta0p0_D2_E100000/epsilon_greedy_00/Object_6/episode_4/rollout_data.pickle,12.0,12.5,99.9999833333361,8,"[12.0, 0.0, 0.0, 0.0, 0.0, 0.0, 0.0, 0.0]","[12.5, 12.5, 12.5, 12.5, 12.5, 12.5, 12.5, 12.5]","[99.9999833333361, 99.9999833333361, 99.9999833333361, 99.9999833333361, 99.9999833333361, 99.9999833333361, 99.9999833333361, 99.9999833333361]",True,boundary_uniform,0,simple_A,6,8,100000,conditional_diffusion,epsilon_greedy_00,6,1.625,1.25,2.0,2.0
eta_0p0_delta_2,0.0,2,/home/dev/workspace/dataset/nedo_dismantling_log/eval/unet_D64_T1000_S20_simple_20260504_204421/simple_A_T8_N6_eta0p0_D2_E100000/epsilon_greedy_00/condition_metadata.yaml,Object_6,5,/home/dev/workspace/dataset/nedo_dismantling_log/eval/unet_D64_T1000_S20_simple_20260504_204421/simple_A_T8_N6_eta0p0_D2_E100000/epsilon_greedy_00/Object_6/episode_5/rollout_data.pickle,0.0,12.5,99.9999833333361,8,"[0.0, 0.0, 0.0, 0.0, 0.0, 0.0, 0.0, 0.0]","[12.5, 12.5, 12.5, 12.5, 12.5, 12.5, 12.5, 12.5]","[99.9999833333361, 99.9999833333361, 99.9999833333361, 99.9999833333361, 99.9999833333361, 99.9999833333361, 99.9999833333361, 99.9999833333361]",True,boundary_uniform,0,simple_A,6,8,100000,conditional_diffusion,epsilon_greedy_00,5,1.25,0.875,2.0,2.0
eta_0p5_delta_2,0.5,2,/home/dev/workspace/dataset/nedo_dismantling_log/eval/unet_D64_T1000_S20_simple_20260504_204421/simple_A_T8_N6_eta0p5_D2_E100000/epsilon_greedy_00/condition_metadata.yaml,Object_4,0,/home/dev/workspace/dataset/nedo_dismantling_log/eval/unet_D64_T1000_S20_simple_20260504_204421/simple_A_T8_N6_eta0p5_D2_E100000/epsilon_greedy_00/Object_4/episode_0/rollout_data.pickle,48.0,0.0,0.0,8,"[6.0, 8.0, 0.0, 6.0, 12.0, 16.0, 0.0, 0.0]","[75.0, 50.0, 50.0, 33.33333333333333, 16.666666666666664, 0.0, 0.0, 0.0]","[0.7812499996609159, 1.666666664351852, 3.333333324074074, 9.999999875000002, 39.9999960000004, 0.0, 0.0, 0.0]",True,boundary_uniform,0,simple_A,6,8,100000,conditional_diffusion,epsilon_greedy_00,5,1.375,0.875,2.0,2.0
eta_0p5_delta_2,0.5,2,/home/dev/workspace/dataset/nedo_dismantling_log/eval/unet_D64_T1000_S20_simple_20260504_204421/simple_A_T8_N6_eta0p5_D2_E100000/epsilon_greedy_00/condition_metadata.yaml,Object_4,1,/home/dev/workspace/dataset/nedo_dismantling_log/eval/unet_D64_T1000_S20_simple_20260504_204421/simple_A_T8_N6_eta0p5_D2_E100000/epsilon_greedy_00/Object_4/episode_1/rollout_data.pickle,0.0,0.0,0.0,8,"[0.0, 0.0, 0.0, 0.0, 0.0, 0.0, 0.0, 0.0]","[0.0, 0.0, 0.0, 0.0, 0.0, 0.0, 0.0, 0.0]","[0.0, 0.0, 0.0, 0.0, 0.0, 0.0, 0.0, 0.0]",True,boundary_uniform,0,simple_A,6,8,100000,conditional_diffusion,epsilon_greedy_00,7,1.375,1.375,2.0,2.0
eta_0p5_delta_2,0.5,2,/home/dev/workspace/dataset/nedo_dismantling_log/eval/unet_D64_T1000_S20_simple_20260504_204421/simple_A_T8_N6_eta0p5_D2_E100000/epsilon_greedy_00/condition_metadata.yaml,Object_4,2,/home/dev/workspace/dataset/nedo_dismantling_log/eval/unet_D64_T1000_S20_simple_20260504_204421/simple_A_T8_N6_eta0p5_D2_E100000/epsilon_greedy_00/Object_4/episode_2/rollout_data.pickle,0.0,0.0,0.0,8,"[0.0, 0.0, 0.0, 0.0, 0.0, 0.0, 0.0, 0.0]","[0.0, 0.0, 0.0, 0.0, 0.0, 0.0, 0.0, 0.0]","[0.0, 0.0, 0.0, 0.0, 0.0, 0.0, 0.0, 0.0]",True,boundary_uniform,0,simple_A,6,8,100000,conditional_diffusion,epsilon_greedy_00,4,1.125,0.75,2.0,2.0
eta_0p5_delta_2,0.5,2,/home/dev/workspace/dataset/nedo_dismantling_log/eval/unet_D64_T1000_S20_simple_20260504_204421/simple_A_T8_N6_eta0p5_D2_E100000/epsilon_greedy_00/condition_metadata.yaml,Object_4,3,/home/dev/workspace/dataset/nedo_dismantling_log/eval/unet_D64_T1000_S20_simple_20260504_204421/simple_A_T8_N6_eta0p5_D2_E100000/epsilon_greedy_00/Object_4/episode_3/rollout_data.pickle,0.0,0.0,0.0,8,"[0.0, 0.0, 0.0, 0.0, 0.0, 0.0, 0.0, 0.0]","[0.0, 0.0, 0.0, 0.0, 0.0, 0.0, 0.0, 0.0]","[0.0, 0.0, 0.0, 0.0, 0.0, 0.0, 0.0, 0.0]",True,boundary_uniform,0,simple_A,6,8,100000,conditional_diffusion,epsilon_greedy_00,5,1.375,0.875,2.0,2.0
eta_0p5_delta_2,0.5,2,/home/dev/workspace/dataset/nedo_dismantling_log/eval/unet_D64_T1000_S20_simple_20260504_204421/simple_A_T8_N6_eta0p5_D2_E100000/epsilon_greedy_00/condition_metadata.yaml,Object_4,4,/home/dev/workspace/dataset/nedo_dismantling_log/eval/unet_D64_T1000_S20_simple_20260504_204421/simple_A_T8_N6_eta0p5_D2_E100000/epsilon_greedy_00/Object_4/episode_4/rollout_data.pickle,0.0,0.0,0.0,8,"[0.0, 0.0, 0.0, 0.0, 0.0, 0.0, 0.0, 0.0]","[0.0, 0.0, 0.0, 0.0, 0.0, 0.0, 0.0, 0.0]","[0.0, 0.0, 0.0, 0.0, 0.0, 0.0, 0.0, 0.0]",True,boundary_uniform,0,simple_A,6,8,100000,conditional_diffusion,epsilon_greedy_00,2,1.125,0.5,2.0,2.0
eta_0p5_delta_2,0.5,2,/home/dev/workspace/dataset/nedo_dismantling_log/eval/unet_D64_T1000_S20_simple_20260504_204421/simple_A_T8_N6_eta0p5_D2_E100000/epsilon_greedy_00/condition_metadata.yaml,Object_4,5,/home/dev/workspace/dataset/nedo_dismantling_log/eval/unet_D64_T1000_S20_simple_20260504_204421/simple_A_T8_N6_eta0p5_D2_E100000/epsilon_greedy_00/Object_4/episode_5/rollout_data.pickle,0.0,0.0,0.0,8,"[0.0, 0.0, 0.0, 0.0, 0.0, 0.0, 0.0, 0.0]","[0.0, 0.0, 0.0, 0.0, 0.0, 0.0, 0.0, 0.0]","[0.0, 0.0, 0.0, 0.0, 0.0, 0.0, 0.0, 0.0]",True,boundary_uniform,0,simple_A,6,8,100000,conditional_diffusion,epsilon_greedy_00,2,1.25,0.25,2.0,1.0
eta_0p5_delta_2,0.5,2,/home/dev/workspace/dataset/nedo_dismantling_log/eval/unet_D64_T1000_S20_simple_20260504_204421/simple_A_T8_N6_eta0p5_D2_E100000/epsilon_greedy_00/condition_metadata.yaml,Object_5,0,/home/dev/workspace/dataset/nedo_dismantling_log/eval/unet_D64_T1000_S20_simple_20260504_204421/simple_A_T8_N6_eta0p5_D2_E100000/epsilon_greedy_00/Object_5/episode_0/rollout_data.pickle,33.0,25.0,74.99999375000053,8,"[0.0, 9.0, 0.0, 0.0, 0.0, 0.0, 24.0, 0.0]","[100.0, 75.0, 75.0, 75.0, 75.0, 75.0, 25.0, 25.0]","[1.1718749996185303, 1.7578124988555908, 4.017857136878189, 9.642857108418369, 25.71428546938776, 35.99999952000001, 59.999996000000266, 74.99999375000053]",True,boundary_uniform,0,simple_A,6,8,100000,conditional_diffusion,epsilon_greedy_00,7,1.25,1.125,2.0,2.0
eta_0p5_delta_2,0.5,2,/home/dev/workspace/dataset/nedo_dismantling_log/eval/unet_D64_T1000_S20_simple_20260504_204421/simple_A_T8_N6_eta0p5_D2_E100000/epsilon_greedy_00/condition_metadata.yaml,Object_5,1,/home/dev/workspace/dataset/nedo_dismantling_log/eval/unet_D64_T1000_S20_simple_20260504_204421/simple_A_T8_N6_eta0p5_D2_E100000/epsilon_greedy_00/Object_5/episode_1/rollout_data.pickle,0.0,25.0,99.99998888889013,8,"[0.0, 0.0, 0.0, 0.0, 0.0, 0.0, 0.0, 0.0]","[25.0, 25.0, 25.0, 25.0, 25.0, 25.0, 25.0, 25.0]","[74.99999375000053, 99.99998888889013, 99.99998888889013, 99.99998888889013, 99.99998888889013, 99.99998888889013, 99.99998888889013, 99.99998888889013]",True,boundary_uniform,0,simple_A,6,8,100000,conditional_diffusion,epsilon_greedy_00,6,1.25,1.0,2.0,2.0
eta_0p5_delta_2,0.5,2,/home/dev/workspace/dataset/nedo_dismantling_log/eval/unet_D64_T1000_S20_simple_20260504_204421/simple_A_T8_N6_eta0p5_D2_E100000/epsilon_greedy_00/condition_metadata.yaml,Object_5,2,/home/dev/workspace/dataset/nedo_dismantling_log/eval/unet_D64_T1000_S20_simple_20260504_204421/simple_A_T8_N6_eta0p5_D2_E100000/epsilon_greedy_00/Object_5/episode_2/rollout_data.pickle,12.0,25.0,99.99998888889013,8,"[12.0, 0.0, 0.0, 0.0, 0.0, 0.0, 0.0, 0.0]","[25.0, 25.0, 25.0, 25.0, 25.0, 25.0, 25.0, 25.0]","[99.99998888889013, 99.99998888889013, 99.99998888889013, 99.99998888889013, 99.99998888889013, 99.99998888889013, 99.99998888889013, 99.99998888889013]",True,boundary_uniform,0,simple_A,6,8,100000,conditional_diffusion,epsilon_greedy_00,3,1.125,0.625,2.0,2.0
eta_0p5_delta_2,0.5,2,/home/dev/workspace/dataset/nedo_dismantling_log/eval/unet_D64_T1000_S20_simple_20260504_204421/simple_A_T8_N6_eta0p5_D2_E100000/epsilon_greedy_00/condition_metadata.yaml,Object_5,3,/home/dev/workspace/dataset/nedo_dismantling_log/eval/unet_D64_T1000_S20_simple_20260504_204421/simple_A_T8_N6_eta0p5_D2_E100000/epsilon_greedy_00/Object_5/episode_3/rollout_data.pickle,0.0,25.0,99.99998888889013,8,"[0.0, 0.0, 0.0, 0.0, 0.0, 0.0, 0.0, 0.0]","[25.0, 25.0, 25.0, 25.0, 25.0, 25.0, 25.0, 25.0]","[99.99998888889013, 99.99998888889013, 99.99998888889013, 99.99998888889013, 99.99998888889013, 99.99998888889013, 99.99998888889013, 99.99998888889013]",True,boundary_uniform,0,simple_A,6,8,100000,conditional_diffusion,epsilon_greedy_00,3,1.0,0.625,2.0,2.0
eta_0p5_delta_2,0.5,2,/home/dev/workspace/dataset/nedo_dismantling_log/eval/unet_D64_T1000_S20_simple_20260504_204421/simple_A_T8_N6_eta0p5_D2_E100000/epsilon_greedy_00/condition_metadata.yaml,Object_5,4,/home/dev/workspace/dataset/nedo_dismantling_log/eval/unet_D64_T1000_S20_simple_20260504_204421/simple_A_T8_N6_eta0p5_D2_E100000/epsilon_greedy_00/Object_5/episode_4/rollout_data.pickle,0.0,25.0,99.99998888889013,8,"[0.0, 0.0, 0.0, 0.0, 0.0, 0.0, 0.0, 0.0]","[25.0, 25.0, 25.0, 25.0, 25.0, 25.0, 25.0, 25.0]","[99.99998888889013, 99.99998888889013, 99.99998888889013, 99.99998888889013, 99.99998888889013, 99.99998888889013, 99.99998888889013, 99.99998888889013]",True,boundary_uniform,0,simple_A,6,8,100000,conditional_diffusion,epsilon_greedy_00,2,0.625,0.25,1.0,1.0
eta_0p5_delta_2,0.5,2,/home/dev/workspace/dataset/nedo_dismantling_log/eval/unet_D64_T1000_S20_simple_20260504_204421/simple_A_T8_N6_eta0p5_D2_E100000/epsilon_greedy_00/condition_metadata.yaml,Object_5,5,/home/dev/workspace/dataset/nedo_dismantling_log/eval/unet_D64_T1000_S20_simple_20260504_204421/simple_A_T8_N6_eta0p5_D2_E100000/epsilon_greedy_00/Object_5/episode_5/rollout_data.pickle,0.0,25.0,99.99998888889013,8,"[0.0, 0.0, 0.0, 0.0, 0.0, 0.0, 0.0, 0.0]","[25.0, 25.0, 25.0, 25.0, 25.0, 25.0, 25.0, 25.0]","[99.99998888889013, 99.99998888889013, 99.99998888889013, 99.99998888889013, 99.99998888889013, 99.99998888889013, 99.99998888889013, 99.99998888889013]",True,boundary_uniform,0,simple_A,6,8,100000,conditional_diffusion,epsilon_greedy_00,4,1.125,0.625,2.0,2.0
eta_0p5_delta_2,0.5,2,/home/dev/workspace/dataset/nedo_dismantling_log/eval/unet_D64_T1000_S20_simple_20260504_204421/simple_A_T8_N6_eta0p5_D2_E100000/epsilon_greedy_00/condition_metadata.yaml,Object_6,0,/home/dev/workspace/dataset/nedo_dismantling_log/eval/unet_D64_T1000_S20_simple_20260504_204421/simple_A_T8_N6_eta0p5_D2_E100000/epsilon_greedy_00/Object_6/episode_0/rollout_data.pickle,0.0,100.0,5.357142851163903,8,"[0.0, 0.0, 0.0, 0.0, 0.0, 0.0, 0.0, 0.0]","[100.0, 100.0, 100.0, 100.0, 100.0, 100.0, 100.0, 100.0]","[1.4423076918743065, 1.4423076918743065, 1.9230769223064597, 2.564102562732851, 3.3333333310185185, 3.749999997070312, 4.687499995422363, 5.357142851163903]",True,boundary_uniform,0,simple_A,6,8,100000,conditional_diffusion,epsilon_greedy_00,6,1.25,1.0,2.0,2.0
eta_0p5_delta_2,0.5,2,/home/dev/workspace/dataset/nedo_dismantling_log/eval/unet_D64_T1000_S20_simple_20260504_204421/simple_A_T8_N6_eta0p5_D2_E100000/epsilon_greedy_00/condition_metadata.yaml,Object_6,1,/home/dev/workspace/dataset/nedo_dismantling_log/eval/unet_D64_T1000_S20_simple_20260504_204421/simple_A_T8_N6_eta0p5_D2_E100000/epsilon_greedy_00/Object_6/episode_1/rollout_data.pickle,64.0,12.5,99.9999833333361,8,"[0.0, 24.0, 0.0, 12.0, 16.0, 12.0, 0.0, 0.0]","[100.0, 50.0, 50.0, 25.0, 16.666666666666664, 12.5, 12.5, 12.5]","[8.571428556122449, 9.999999958333333, 13.333333259259259, 39.999998666666706, 53.33332977777802, 66.66665925926009, 99.9999833333361, 99.9999833333361]",True,boundary_uniform,0,simple_A,6,8,100000,conditional_diffusion,epsilon_greedy_00,6,1.375,1.125,2.0,2.0
eta_0p5_delta_2,0.5,2,/home/dev/workspace/dataset/nedo_dismantling_log/eval/unet_D64_T1000_S20_simple_20260504_204421/simple_A_T8_N6_eta0p5_D2_E100000/epsilon_greedy_00/condition_metadata.yaml,Object_6,2,/home/dev/workspace/dataset/nedo_dismantling_log/eval/unet_D64_T1000_S20_simple_20260504_204421/simple_A_T8_N6_eta0p5_D2_E100000/epsilon_greedy_00/Object_6/episode_2/rollout_data.pickle,12.0,8.333333333333332,99.99997500000624,8,"[12.0, 0.0, 0.0, 0.0, 0.0, 0.0, 0.0, 0.0]","[8.333333333333332, 8.333333333333332, 8.333333333333332, 8.333333333333332, 8.333333333333332, 8.333333333333332, 8.333333333333332, 8.333333333333332]","[99.99997500000624, 99.99997500000624, 99.99997500000624, 99.99997500000624, 99.99997500000624, 99.99997500000624, 99.99997500000624, 99.99997500000624]",True,boundary_uniform,0,simple_A,6,8,100000,conditional_diffusion,epsilon_greedy_00,5,1.25,0.875,2.0,2.0
eta_0p5_delta_2,0.5,2,/home/dev/workspace/dataset/nedo_dismantling_log/eval/unet_D64_T1000_S20_simple_20260504_204421/simple_A_T8_N6_eta0p5_D2_E100000/epsilon_greedy_00/condition_metadata.yaml,Object_6,3,/home/dev/workspace/dataset/nedo_dismantling_log/eval/unet_D64_T1000_S20_simple_20260504_204421/simple_A_T8_N6_eta0p5_D2_E100000/epsilon_greedy_00/Object_6/episode_3/rollout_data.pickle,0.0,8.333333333333332,99.99997500000624,8,"[0.0, 0.0, 0.0, 0.0, 0.0, 0.0, 0.0, 0.0]","[8.333333333333332, 8.333333333333332, 8.333333333333332, 8.333333333333332, 8.333333333333332, 8.333333333333332, 8.333333333333332, 8.333333333333332]","[99.99997500000624, 99.99997500000624, 99.99997500000624, 99.99997500000624, 99.99997500000624, 99.99997500000624, 99.99997500000624, 99.99997500000624]",True,boundary_uniform,0,simple_A,6,8,100000,conditional_diffusion,epsilon_greedy_00,3,1.125,0.625,2.0,2.0
eta_0p5_delta_2,0.5,2,/home/dev/workspace/dataset/nedo_dismantling_log/eval/unet_D64_T1000_S20_simple_20260504_204421/simple_A_T8_N6_eta0p5_D2_E100000/epsilon_greedy_00/condition_metadata.yaml,Object_6,4,/home/dev/workspace/dataset/nedo_dismantling_log/eval/unet_D64_T1000_S20_simple_20260504_204421/simple_A_T8_N6_eta0p5_D2_E100000/epsilon_greedy_00/Object_6/episode_4/rollout_data.pickle,12.0,8.333333333333332,99.99997500000624,8,"[12.0, 0.0, 0.0, 0.0, 0.0, 0.0, 0.0, 0.0]","[8.333333333333332, 8.333333333333332, 8.333333333333332, 8.333333333333332, 8.333333333333332, 8.333333333333332, 8.333333333333332, 8.333333333333332]","[99.99997500000624, 99.99997500000624, 99.99997500000624, 99.99997500000624, 99.99997500000624, 99.99997500000624, 99.99997500000624, 99.99997500000624]",True,boundary_uniform,0,simple_A,6,8,100000,conditional_diffusion,epsilon_greedy_00,6,1.625,1.25,2.0,2.0
eta_0p5_delta_2,0.5,2,/home/dev/workspace/dataset/nedo_dismantling_log/eval/unet_D64_T1000_S20_simple_20260504_204421/simple_A_T8_N6_eta0p5_D2_E100000/epsilon_greedy_00/condition_metadata.yaml,Object_6,5,/home/dev/workspace/dataset/nedo_dismantling_log/eval/unet_D64_T1000_S20_simple_20260504_204421/simple_A_T8_N6_eta0p5_D2_E100000/epsilon_greedy_00/Object_6/episode_5/rollout_data.pickle,0.0,8.333333333333332,99.99997500000624,8,"[0.0, 0.0, 0.0, 0.0, 0.0, 0.0, 0.0, 0.0]","[8.333333333333332, 8.333333333333332, 8.333333333333332, 8.333333333333332, 8.333333333333332, 8.333333333333332, 8.333333333333332, 8.333333333333332]","[99.99997500000624, 99.99997500000624, 99.99997500000624, 99.99997500000624, 99.99997500000624, 99.99997500000624, 99.99997500000624, 99.99997500000624]",True,boundary_uniform,0,simple_A,6,8,100000,conditional_diffusion,epsilon_greedy_00,5,1.25,0.875,2.0,2.0
eta_1p0_delta_2,1.0,2,/home/dev/workspace/dataset/nedo_dismantling_log/eval/unet_D64_T1000_S20_simple_20260504_204421/simple_A_T8_N6_eta1p0_D2_E100000/epsilon_greedy_00/condition_metadata.yaml,Object_4,0,/home/dev/workspace/dataset/nedo_dismantling_log/eval/unet_D64_T1000_S20_simple_20260504_204421/simple_A_T8_N6_eta1p0_D2_E100000/epsilon_greedy_00/Object_4/episode_0/rollout_data.pickle,24.0,0.0,0.0,8,"[6.0, 0.0, 12.0, 6.0, 0.0, 0.0, 0.0, 0.0]","[75.0, 75.0, 25.0, 0.0, 0.0, 0.0, 0.0, 0.0]","[0.7812499996609159, 1.757812498283386, 1.1718749977111818, 0.0, 0.0, 0.0, 0.0, 0.0]",True,boundary_uniform,0,simple_A,6,8,100000,conditional_diffusion,epsilon_greedy_00,3,1.375,0.5,2.0,2.0
eta_1p0_delta_2,1.0,2,/home/dev/workspace/dataset/nedo_dismantling_log/eval/unet_D64_T1000_S20_simple_20260504_204421/simple_A_T8_N6_eta1p0_D2_E100000/epsilon_greedy_00/condition_metadata.yaml,Object_4,1,/home/dev/workspace/dataset/nedo_dismantling_log/eval/unet_D64_T1000_S20_simple_20260504_204421/simple_A_T8_N6_eta1p0_D2_E100000/epsilon_greedy_00/Object_4/episode_1/rollout_data.pickle,0.0,0.0,0.0,8,"[0.0, 0.0, 0.0, 0.0, 0.0, 0.0, 0.0, 0.0]","[0.0, 0.0, 0.0, 0.0, 0.0, 0.0, 0.0, 0.0]","[0.0, 0.0, 0.0, 0.0, 0.0, 0.0, 0.0, 0.0]",True,boundary_uniform,0,simple_A,6,8,100000,conditional_diffusion,epsilon_greedy_00,7,1.375,1.375,2.0,2.0
eta_1p0_delta_2,1.0,2,/home/dev/workspace/dataset/nedo_dismantling_log/eval/unet_D64_T1000_S20_simple_20260504_204421/simple_A_T8_N6_eta1p0_D2_E100000/epsilon_greedy_00/condition_metadata.yaml,Object_4,2,/home/dev/workspace/dataset/nedo_dismantling_log/eval/unet_D64_T1000_S20_simple_20260504_204421/simple_A_T8_N6_eta1p0_D2_E100000/epsilon_greedy_00/Object_4/episode_2/rollout_data.pickle,0.0,0.0,0.0,8,"[0.0, 0.0, 0.0, 0.0, 0.0, 0.0, 0.0, 0.0]","[0.0, 0.0, 0.0, 0.0, 0.0, 0.0, 0.0, 0.0]","[0.0, 0.0, 0.0, 0.0, 0.0, 0.0, 0.0, 0.0]",True,boundary_uniform,0,simple_A,6,8,100000,conditional_diffusion,epsilon_greedy_00,4,1.125,0.75,2.0,2.0
eta_1p0_delta_2,1.0,2,/home/dev/workspace/dataset/nedo_dismantling_log/eval/unet_D64_T1000_S20_simple_20260504_204421/simple_A_T8_N6_eta1p0_D2_E100000/epsilon_greedy_00/condition_metadata.yaml,Object_4,3,/home/dev/workspace/dataset/nedo_dismantling_log/eval/unet_D64_T1000_S20_simple_20260504_204421/simple_A_T8_N6_eta1p0_D2_E100000/epsilon_greedy_00/Object_4/episode_3/rollout_data.pickle,0.0,0.0,0.0,8,"[0.0, 0.0, 0.0, 0.0, 0.0, 0.0, 0.0, 0.0]","[0.0, 0.0, 0.0, 0.0, 0.0, 0.0, 0.0, 0.0]","[0.0, 0.0, 0.0, 0.0, 0.0, 0.0, 0.0, 0.0]",True,boundary_uniform,0,simple_A,6,8,100000,conditional_diffusion,epsilon_greedy_00,5,1.375,0.875,2.0,2.0
eta_1p0_delta_2,1.0,2,/home/dev/workspace/dataset/nedo_dismantling_log/eval/unet_D64_T1000_S20_simple_20260504_204421/simple_A_T8_N6_eta1p0_D2_E100000/epsilon_greedy_00/condition_metadata.yaml,Object_4,4,/home/dev/workspace/dataset/nedo_dismantling_log/eval/unet_D64_T1000_S20_simple_20260504_204421/simple_A_T8_N6_eta1p0_D2_E100000/epsilon_greedy_00/Object_4/episode_4/rollout_data.pickle,0.0,0.0,0.0,8,"[0.0, 0.0, 0.0, 0.0, 0.0, 0.0, 0.0, 0.0]","[0.0, 0.0, 0.0, 0.0, 0.0, 0.0, 0.0, 0.0]","[0.0, 0.0, 0.0, 0.0, 0.0, 0.0, 0.0, 0.0]",True,boundary_uniform,0,simple_A,6,8,100000,conditional_diffusion,epsilon_greedy_00,2,1.125,0.5,2.0,2.0
eta_1p0_delta_2,1.0,2,/home/dev/workspace/dataset/nedo_dismantling_log/eval/unet_D64_T1000_S20_simple_20260504_204421/simple_A_T8_N6_eta1p0_D2_E100000/epsilon_greedy_00/condition_metadata.yaml,Object_4,5,/home/dev/workspace/dataset/nedo_dismantling_log/eval/unet_D64_T1000_S20_simple_20260504_204421/simple_A_T8_N6_eta1p0_D2_E100000/epsilon_greedy_00/Object_4/episode_5/rollout_data.pickle,0.0,0.0,0.0,8,"[0.0, 0.0, 0.0, 0.0, 0.0, 0.0, 0.0, 0.0]","[0.0, 0.0, 0.0, 0.0, 0.0, 0.0, 0.0, 0.0]","[0.0, 0.0, 0.0, 0.0, 0.0, 0.0, 0.0, 0.0]",True,boundary_uniform,0,simple_A,6,8,100000,conditional_diffusion,epsilon_greedy_00,2,1.25,0.25,2.0,1.0
eta_1p0_delta_2,1.0,2,/home/dev/workspace/dataset/nedo_dismantling_log/eval/unet_D64_T1000_S20_simple_20260504_204421/simple_A_T8_N6_eta1p0_D2_E100000/epsilon_greedy_00/condition_metadata.yaml,Object_5,0,/home/dev/workspace/dataset/nedo_dismantling_log/eval/unet_D64_T1000_S20_simple_20260504_204421/simple_A_T8_N6_eta1p0_D2_E100000/epsilon_greedy_00/Object_5/episode_0/rollout_data.pickle,36.0,33.33333333333333,6.249999967447916,8,"[0.0, 12.0, 0.0, 24.0, 0.0, 0.0, 0.0, 0.0]","[100.0, 66.66666666666666, 66.66666666666666, 33.33333333333333, 33.33333333333333, 33.33333333333333, 33.33333333333333, 33.33333333333333]","[1.1718749996185303, 2.083333331524884, 4.16666665943287, 3.124999991861979, 6.249999967447916, 6.249999967447916, 6.249999967447916, 6.249999967447916]",True,boundary_uniform,0,simple_A,6,8,100000,conditional_diffusion,epsilon_greedy_00,7,1.25,1.25,2.0,2.0
eta_1p0_delta_2,1.0,2,/home/dev/workspace/dataset/nedo_dismantling_log/eval/unet_D64_T1000_S20_simple_20260504_204421/simple_A_T8_N6_eta1p0_D2_E100000/epsilon_greedy_00/condition_metadata.yaml,Object_5,1,/home/dev/workspace/dataset/nedo_dismantling_log/eval/unet_D64_T1000_S20_simple_20260504_204421/simple_A_T8_N6_eta1p0_D2_E100000/epsilon_greedy_00/Object_5/episode_1/rollout_data.pickle,0.0,33.33333333333333,6.249999967447916,8,"[0.0, 0.0, 0.0, 0.0, 0.0, 0.0, 0.0, 0.0]","[33.33333333333333, 33.33333333333333, 33.33333333333333, 33.33333333333333, 33.33333333333333, 33.33333333333333, 33.33333333333333, 33.33333333333333]","[6.249999967447916, 6.249999967447916, 6.249999967447916, 6.249999967447916, 6.249999967447916, 6.249999967447916, 6.249999967447916, 6.249999967447916]",True,boundary_uniform,0,simple_A,6,8,100000,conditional_diffusion,epsilon_greedy_00,7,1.25,1.125,2.0,2.0
eta_1p0_delta_2,1.0,2,/home/dev/workspace/dataset/nedo_dismantling_log/eval/unet_D64_T1000_S20_simple_20260504_204421/simple_A_T8_N6_eta1p0_D2_E100000/epsilon_greedy_00/condition_metadata.yaml,Object_5,2,/home/dev/workspace/dataset/nedo_dismantling_log/eval/unet_D64_T1000_S20_simple_20260504_204421/simple_A_T8_N6_eta1p0_D2_E100000/epsilon_greedy_00/Object_5/episode_2/rollout_data.pickle,12.0,22.22222222222222,5.55555551697531,8,"[12.0, 0.0, 0.0, 0.0, 0.0, 0.0, 0.0, 0.0]","[22.22222222222222, 22.22222222222222, 22.22222222222222, 22.22222222222222, 22.22222222222222, 22.22222222222222, 22.22222222222222, 22.22222222222222]","[5.55555551697531, 5.55555551697531, 5.55555551697531, 5.55555551697531, 5.55555551697531, 5.55555551697531, 5.55555551697531, 5.55555551697531]",True,boundary_uniform,0,simple_A,6,8,100000,conditional_diffusion,epsilon_greedy_00,3,1.125,0.625,2.0,2.0
eta_1p0_delta_2,1.0,2,/home/dev/workspace/dataset/nedo_dismantling_log/eval/unet_D64_T1000_S20_simple_20260504_204421/simple_A_T8_N6_eta1p0_D2_E100000/epsilon_greedy_00/condition_metadata.yaml,Object_5,3,/home/dev/workspace/dataset/nedo_dismantling_log/eval/unet_D64_T1000_S20_simple_20260504_204421/simple_A_T8_N6_eta1p0_D2_E100000/epsilon_greedy_00/Object_5/episode_3/rollout_data.pickle,0.0,22.22222222222222,5.55555551697531,8,"[0.0, 0.0, 0.0, 0.0, 0.0, 0.0, 0.0, 0.0]","[22.22222222222222, 22.22222222222222, 22.22222222222222, 22.22222222222222, 22.22222222222222, 22.22222222222222, 22.22222222222222, 22.22222222222222]","[5.55555551697531, 5.55555551697531, 5.55555551697531, 5.55555551697531, 5.55555551697531, 5.55555551697531, 5.55555551697531, 5.55555551697531]",True,boundary_uniform,0,simple_A,6,8,100000,conditional_diffusion,epsilon_greedy_00,3,1.0,0.625,2.0,2.0
eta_1p0_delta_2,1.0,2,/home/dev/workspace/dataset/nedo_dismantling_log/eval/unet_D64_T1000_S20_simple_20260504_204421/simple_A_T8_N6_eta1p0_D2_E100000/epsilon_greedy_00/condition_metadata.yaml,Object_5,4,/home/dev/workspace/dataset/nedo_dismantling_log/eval/unet_D64_T1000_S20_simple_20260504_204421/simple_A_T8_N6_eta1p0_D2_E100000/epsilon_greedy_00/Object_5/episode_4/rollout_data.pickle,0.0,22.22222222222222,5.55555551697531,8,"[0.0, 0.0, 0.0, 0.0, 0.0, 0.0, 0.0, 0.0]","[22.22222222222222, 22.22222222222222, 22.22222222222222, 22.22222222222222, 22.22222222222222, 22.22222222222222, 22.22222222222222, 22.22222222222222]","[5.55555551697531, 5.55555551697531, 5.55555551697531, 5.55555551697531, 5.55555551697531, 5.55555551697531, 5.55555551697531, 5.55555551697531]",True,boundary_uniform,0,simple_A,6,8,100000,conditional_diffusion,epsilon_greedy_00,2,0.625,0.25,1.0,1.0
eta_1p0_delta_2,1.0,2,/home/dev/workspace/dataset/nedo_dismantling_log/eval/unet_D64_T1000_S20_simple_20260504_204421/simple_A_T8_N6_eta1p0_D2_E100000/epsilon_greedy_00/condition_metadata.yaml,Object_5,5,/home/dev/workspace/dataset/nedo_dismantling_log/eval/unet_D64_T1000_S20_simple_20260504_204421/simple_A_T8_N6_eta1p0_D2_E100000/epsilon_greedy_00/Object_5/episode_5/rollout_data.pickle,0.0,22.22222222222222,5.55555551697531,8,"[0.0, 0.0, 0.0, 0.0, 0.0, 0.0, 0.0, 0.0]","[22.22222222222222, 22.22222222222222, 22.22222222222222, 22.22222222222222, 22.22222222222222, 22.22222222222222, 22.22222222222222, 22.22222222222222]","[5.55555551697531, 5.55555551697531, 5.55555551697531, 5.55555551697531, 5.55555551697531, 5.55555551697531, 5.55555551697531, 5.55555551697531]",True,boundary_uniform,0,simple_A,6,8,100000,conditional_diffusion,epsilon_greedy_00,4,1.125,0.625,2.0,2.0
eta_1p0_delta_2,1.0,2,/home/dev/workspace/dataset/nedo_dismantling_log/eval/unet_D64_T1000_S20_simple_20260504_204421/simple_A_T8_N6_eta1p0_D2_E100000/epsilon_greedy_00/condition_metadata.yaml,Object_6,0,/home/dev/workspace/dataset/nedo_dismantling_log/eval/unet_D64_T1000_S20_simple_20260504_204421/simple_A_T8_N6_eta1p0_D2_E100000/epsilon_greedy_00/Object_6/episode_0/rollout_data.pickle,48.0,0.0,0.0,8,"[0.0, 0.0, 0.0, 48.0, 0.0, 0.0, 0.0, 0.0]","[100.0, 100.0, 100.0, 0.0, 0.0, 0.0, 0.0, 0.0]","[1.4423076918743065, 1.4423076918743065, 2.343749998855591, 0.0, 0.0, 0.0, 0.0, 0.0]",True,boundary_uniform,0,simple_A,6,8,100000,conditional_diffusion,epsilon_greedy_00,4,1.25,0.75,2.0,2.0
eta_1p0_delta_2,1.0,2,/home/dev/workspace/dataset/nedo_dismantling_log/eval/unet_D64_T1000_S20_simple_20260504_204421/simple_A_T8_N6_eta1p0_D2_E100000/epsilon_greedy_00/condition_metadata.yaml,Object_6,1,/home/dev/workspace/dataset/nedo_dismantling_log/eval/unet_D64_T1000_S20_simple_20260504_204421/simple_A_T8_N6_eta1p0_D2_E100000/epsilon_greedy_00/Object_6/episode_1/rollout_data.pickle,0.0,0.0,0.0,8,"[0.0, 0.0, 0.0, 0.0, 0.0, 0.0, 0.0, 0.0]","[0.0, 0.0, 0.0, 0.0, 0.0, 0.0, 0.0, 0.0]","[0.0, 0.0, 0.0, 0.0, 0.0, 0.0, 0.0, 0.0]",True,boundary_uniform,0,simple_A,6,8,100000,conditional_diffusion,epsilon_greedy_00,3,1.375,0.5,2.0,2.0
eta_1p0_delta_2,1.0,2,/home/dev/workspace/dataset/nedo_dismantling_log/eval/unet_D64_T1000_S20_simple_20260504_204421/simple_A_T8_N6_eta1p0_D2_E100000/epsilon_greedy_00/condition_metadata.yaml,Object_6,2,/home/dev/workspace/dataset/nedo_dismantling_log/eval/unet_D64_T1000_S20_simple_20260504_204421/simple_A_T8_N6_eta1p0_D2_E100000/epsilon_greedy_00/Object_6/episode_2/rollout_data.pickle,12.0,0.0,0.0,8,"[12.0, 0.0, 0.0, 0.0, 0.0, 0.0, 0.0, 0.0]","[0.0, 0.0, 0.0, 0.0, 0.0, 0.0, 0.0, 0.0]","[0.0, 0.0, 0.0, 0.0, 0.0, 0.0, 0.0, 0.0]",True,boundary_uniform,0,simple_A,6,8,100000,conditional_diffusion,epsilon_greedy_00,5,1.25,0.875,2.0,2.0
eta_1p0_delta_2,1.0,2,/home/dev/workspace/dataset/nedo_dismantling_log/eval/unet_D64_T1000_S20_simple_20260504_204421/simple_A_T8_N6_eta1p0_D2_E100000/epsilon_greedy_00/condition_metadata.yaml,Object_6,3,/home/dev/workspace/dataset/nedo_dismantling_log/eval/unet_D64_T1000_S20_simple_20260504_204421/simple_A_T8_N6_eta1p0_D2_E100000/epsilon_greedy_00/Object_6/episode_3/rollout_data.pickle,0.0,0.0,0.0,8,"[0.0, 0.0, 0.0, 0.0, 0.0, 0.0, 0.0, 0.0]","[0.0, 0.0, 0.0, 0.0, 0.0, 0.0, 0.0, 0.0]","[0.0, 0.0, 0.0, 0.0, 0.0, 0.0, 0.0, 0.0]",True,boundary_uniform,0,simple_A,6,8,100000,conditional_diffusion,epsilon_greedy_00,3,1.125,0.625,2.0,2.0
eta_1p0_delta_2,1.0,2,/home/dev/workspace/dataset/nedo_dismantling_log/eval/unet_D64_T1000_S20_simple_20260504_204421/simple_A_T8_N6_eta1p0_D2_E100000/epsilon_greedy_00/condition_metadata.yaml,Object_6,4,/home/dev/workspace/dataset/nedo_dismantling_log/eval/unet_D64_T1000_S20_simple_20260504_204421/simple_A_T8_N6_eta1p0_D2_E100000/epsilon_greedy_00/Object_6/episode_4/rollout_data.pickle,12.0,0.0,0.0,8,"[12.0, 0.0, 0.0, 0.0, 0.0, 0.0, 0.0, 0.0]","[0.0, 0.0, 0.0, 0.0, 0.0, 0.0, 0.0, 0.0]","[0.0, 0.0, 0.0, 0.0, 0.0, 0.0, 0.0, 0.0]",True,boundary_uniform,0,simple_A,6,8,100000,conditional_diffusion,epsilon_greedy_00,6,1.625,1.25,2.0,2.0
eta_1p0_delta_2,1.0,2,/home/dev/workspace/dataset/nedo_dismantling_log/eval/unet_D64_T1000_S20_simple_20260504_204421/simple_A_T8_N6_eta1p0_D2_E100000/epsilon_greedy_00/condition_metadata.yaml,Object_6,5,/home/dev/workspace/dataset/nedo_dismantling_log/eval/unet_D64_T1000_S20_simple_20260504_204421/simple_A_T8_N6_eta1p0_D2_E100000/epsilon_greedy_00/Object_6/episode_5/rollout_data.pickle,0.0,0.0,0.0,8,"[0.0, 0.0, 0.0, 0.0, 0.0, 0.0, 0.0, 0.0]","[0.0, 0.0, 0.0, 0.0, 0.0, 0.0, 0.0, 0.0]","[0.0, 0.0, 0.0, 0.0, 0.0, 0.0, 0.0, 0.0]",True,boundary_uniform,0,simple_A,6,8,100000,conditional_diffusion,epsilon_greedy_00,5,1.25,0.875,2.0,2.0
