condition,eta,delta,metadata_path,case,episode,rollout_path,cutting_error_volume,episode_cumulative_normalized_cutting_error_rate,part_remaining_rate,part_occupancy_rate,num_steps,step_cutting_error_volumes,step_part_remaining_rates,step_part_occupancy_rates,execution_error_enabled,execution_error_mode,execution_error_seed,cases_name,num_episodes_config,task_step_config,epoch,infer_model,control_mode,num_steps_with_shift,mean_abs_sampled_shift,mean_abs_applied_shift,max_abs_sampled_shift,max_abs_applied_shift
eta_0p0_delta_0,0.0,0,/home/dev/workspace/dataset/nedo_dismantling_log/eval/unet_D64_T1000_S20_simple_20260504_204421/simple_A_T8_N6_eta0p0_D0_E100000/epsilon_greedy_00/condition_metadata.yaml,Object_4,0,/home/dev/workspace/dataset/nedo_dismantling_log/eval/unet_D64_T1000_S20_simple_20260504_204421/simple_A_T8_N6_eta0p0_D0_E100000/epsilon_greedy_00/Object_4/episode_0/rollout_data.pickle,0.0,0.0,100.0,15.999999893333333,8,"[0.0, 0.0, 0.0, 0.0, 0.0, 0.0, 0.0, 0.0]","[100.0, 100.0, 100.0, 100.0, 100.0, 100.0, 100.0, 100.0]","[0.8522727269700736, 1.7045454533348399, 3.0303030264768904, 6.666666648148148, 11.99999994, 15.999999893333333, 15.999999893333333, 15.999999893333333]",True,boundary_uniform,0,simple_A,6,8,100000,conditional_diffusion,epsilon_greedy_00,0,0.0,0.0,0.0,0.0
eta_0p0_delta_0,0.0,0,/home/dev/workspace/dataset/nedo_dismantling_log/eval/unet_D64_T1000_S20_simple_20260504_204421/simple_A_T8_N6_eta0p0_D0_E100000/epsilon_greedy_00/condition_metadata.yaml,Object_4,1,/home/dev/workspace/dataset/nedo_dismantling_log/eval/unet_D64_T1000_S20_simple_20260504_204421/simple_A_T8_N6_eta0p0_D0_E100000/epsilon_greedy_00/Object_4/episode_1/rollout_data.pickle,0.0,0.0,100.0,15.999999893333333,8,"[0.0, 0.0, 0.0, 0.0, 0.0, 0.0, 0.0, 0.0]","[100.0, 100.0, 100.0, 100.0, 100.0, 100.0, 100.0, 100.0]","[0.8522727269700736, 1.7045454533348399, 3.7499999941406252, 5.999999985, 9.999999958333333, 13.333333259259259, 15.999999893333333, 15.999999893333333]",True,boundary_uniform,0,simple_A,6,8,100000,conditional_diffusion,epsilon_greedy_00,0,0.0,0.0,0.0,0.0
eta_0p0_delta_0,0.0,0,/home/dev/workspace/dataset/nedo_dismantling_log/eval/unet_D64_T1000_S20_simple_20260504_204421/simple_A_T8_N6_eta0p0_D0_E100000/epsilon_greedy_00/condition_metadata.yaml,Object_4,2,/home/dev/workspace/dataset/nedo_dismantling_log/eval/unet_D64_T1000_S20_simple_20260504_204421/simple_A_T8_N6_eta0p0_D0_E100000/epsilon_greedy_00/Object_4/episode_2/rollout_data.pickle,0.0,0.0,100.0,15.999999893333333,8,"[0.0, 0.0, 0.0, 0.0, 0.0, 0.0, 0.0, 0.0]","[100.0, 100.0, 100.0, 100.0, 100.0, 100.0, 100.0, 100.0]","[0.8522727269700736, 1.7045454533348399, 2.7272727241735537, 5.999999985, 9.999999958333333, 13.333333259259259, 15.999999893333333, 15.999999893333333]",True,boundary_uniform,0,simple_A,6,8,100000,conditional_diffusion,epsilon_greedy_00,0,0.0,0.0,0.0,0.0
eta_0p0_delta_0,0.0,0,/home/dev/workspace/dataset/nedo_dismantling_log/eval/unet_D64_T1000_S20_simple_20260504_204421/simple_A_T8_N6_eta0p0_D0_E100000/epsilon_greedy_00/condition_metadata.yaml,Object_4,3,/home/dev/workspace/dataset/nedo_dismantling_log/eval/unet_D64_T1000_S20_simple_20260504_204421/simple_A_T8_N6_eta0p0_D0_E100000/epsilon_greedy_00/Object_4/episode_3/rollout_data.pickle,0.0,0.0,100.0,19.999999833333334,8,"[0.0, 0.0, 0.0, 0.0, 0.0, 0.0, 0.0, 0.0]","[100.0, 100.0, 100.0, 100.0, 100.0, 100.0, 100.0, 100.0]","[0.8522727269700736, 1.7045454533348399, 3.7499999941406252, 6.666666648148148, 11.99999994, 14.99999990625, 19.999999833333334, 19.999999833333334]",True,boundary_uniform,0,simple_A,6,8,100000,conditional_diffusion,epsilon_greedy_00,0,0.0,0.0,0.0,0.0
eta_0p0_delta_0,0.0,0,/home/dev/workspace/dataset/nedo_dismantling_log/eval/unet_D64_T1000_S20_simple_20260504_204421/simple_A_T8_N6_eta0p0_D0_E100000/epsilon_greedy_00/condition_metadata.yaml,Object_4,4,/home/dev/workspace/dataset/nedo_dismantling_log/eval/unet_D64_T1000_S20_simple_20260504_204421/simple_A_T8_N6_eta0p0_D0_E100000/epsilon_greedy_00/Object_4/episode_4/rollout_data.pickle,0.0,0.0,100.0,15.999999893333333,8,"[0.0, 0.0, 0.0, 0.0, 0.0, 0.0, 0.0, 0.0]","[100.0, 100.0, 100.0, 100.0, 100.0, 100.0, 100.0, 100.0]","[0.8522727269700736, 1.7045454533348399, 3.7499999941406252, 6.666666648148148, 11.99999994, 15.999999893333333, 15.999999893333333, 15.999999893333333]",True,boundary_uniform,0,simple_A,6,8,100000,conditional_diffusion,epsilon_greedy_00,0,0.0,0.0,0.0,0.0
eta_0p0_delta_0,0.0,0,/home/dev/workspace/dataset/nedo_dismantling_log/eval/unet_D64_T1000_S20_simple_20260504_204421/simple_A_T8_N6_eta0p0_D0_E100000/epsilon_greedy_00/condition_metadata.yaml,Object_4,5,/home/dev/workspace/dataset/nedo_dismantling_log/eval/unet_D64_T1000_S20_simple_20260504_204421/simple_A_T8_N6_eta0p0_D0_E100000/epsilon_greedy_00/Object_4/episode_5/rollout_data.pickle,0.0,0.0,100.0,19.999999833333334,8,"[0.0, 0.0, 0.0, 0.0, 0.0, 0.0, 0.0, 0.0]","[100.0, 100.0, 100.0, 100.0, 100.0, 100.0, 100.0, 100.0]","[0.8522727269700736, 1.7045454533348399, 3.0303030264768904, 6.666666648148148, 14.99999990625, 19.999999833333334, 19.999999833333334, 19.999999833333334]",True,boundary_uniform,0,simple_A,6,8,100000,conditional_diffusion,epsilon_greedy_00,0,0.0,0.0,0.0,0.0
eta_0p0_delta_0,0.0,0,/home/dev/workspace/dataset/nedo_dismantling_log/eval/unet_D64_T1000_S20_simple_20260504_204421/simple_A_T8_N6_eta0p0_D0_E100000/epsilon_greedy_00/condition_metadata.yaml,Object_5,0,/home/dev/workspace/dataset/nedo_dismantling_log/eval/unet_D64_T1000_S20_simple_20260504_204421/simple_A_T8_N6_eta0p0_D0_E100000/epsilon_greedy_00/Object_5/episode_0/rollout_data.pickle,0.0,0.0,100.0,23.99999984,8,"[0.0, 0.0, 0.0, 0.0, 0.0, 0.0, 0.0, 0.0]","[100.0, 100.0, 100.0, 100.0, 100.0, 100.0, 100.0, 100.0]","[1.2784090904551104, 2.5568181800022596, 4.545454539715335, 9.999999972222222, 17.99999991, 20.57142845387755, 23.99999984, 23.99999984]",True,boundary_uniform,0,simple_A,6,8,100000,conditional_diffusion,epsilon_greedy_00,0,0.0,0.0,0.0,0.0
eta_0p0_delta_0,0.0,0,/home/dev/workspace/dataset/nedo_dismantling_log/eval/unet_D64_T1000_S20_simple_20260504_204421/simple_A_T8_N6_eta0p0_D0_E100000/epsilon_greedy_00/condition_metadata.yaml,Object_5,1,/home/dev/workspace/dataset/nedo_dismantling_log/eval/unet_D64_T1000_S20_simple_20260504_204421/simple_A_T8_N6_eta0p0_D0_E100000/epsilon_greedy_00/Object_5/episode_1/rollout_data.pickle,0.0,0.0,100.0,23.99999984,8,"[0.0, 0.0, 0.0, 0.0, 0.0, 0.0, 0.0, 0.0]","[100.0, 100.0, 100.0, 100.0, 100.0, 100.0, 100.0, 100.0]","[1.2784090904551104, 2.5568181800022596, 4.545454539715335, 9.999999972222222, 17.99999991, 23.99999984, 23.99999984, 23.99999984]",True,boundary_uniform,0,simple_A,6,8,100000,conditional_diffusion,epsilon_greedy_00,0,0.0,0.0,0.0,0.0
eta_0p0_delta_0,0.0,0,/home/dev/workspace/dataset/nedo_dismantling_log/eval/unet_D64_T1000_S20_simple_20260504_204421/simple_A_T8_N6_eta0p0_D0_E100000/epsilon_greedy_00/condition_metadata.yaml,Object_5,2,/home/dev/workspace/dataset/nedo_dismantling_log/eval/unet_D64_T1000_S20_simple_20260504_204421/simple_A_T8_N6_eta0p0_D0_E100000/epsilon_greedy_00/Object_5/episode_2/rollout_data.pickle,0.0,0.0,100.0,25.714285530612248,8,"[0.0, 0.0, 0.0, 0.0, 0.0, 0.0, 0.0, 0.0]","[100.0, 100.0, 100.0, 100.0, 100.0, 100.0, 100.0, 100.0]","[1.2784090904551104, 2.5568181800022596, 4.545454539715335, 9.999999972222222, 17.99999991, 22.499999859375, 25.714285530612248, 25.714285530612248]",True,boundary_uniform,0,simple_A,6,8,100000,conditional_diffusion,epsilon_greedy_00,0,0.0,0.0,0.0,0.0
eta_0p0_delta_0,0.0,0,/home/dev/workspace/dataset/nedo_dismantling_log/eval/unet_D64_T1000_S20_simple_20260504_204421/simple_A_T8_N6_eta0p0_D0_E100000/epsilon_greedy_00/condition_metadata.yaml,Object_5,3,/home/dev/workspace/dataset/nedo_dismantling_log/eval/unet_D64_T1000_S20_simple_20260504_204421/simple_A_T8_N6_eta0p0_D0_E100000/epsilon_greedy_00/Object_5/episode_3/rollout_data.pickle,0.0,0.0,100.0,20.57142845387755,8,"[0.0, 0.0, 0.0, 0.0, 0.0, 0.0, 0.0, 0.0]","[100.0, 100.0, 100.0, 100.0, 100.0, 100.0, 100.0, 100.0]","[1.2784090904551104, 2.5568181800022596, 4.545454539715335, 9.999999972222222, 17.99999991, 20.57142845387755, 20.57142845387755, 20.57142845387755]",True,boundary_uniform,0,simple_A,6,8,100000,conditional_diffusion,epsilon_greedy_00,0,0.0,0.0,0.0,0.0
eta_0p0_delta_0,0.0,0,/home/dev/workspace/dataset/nedo_dismantling_log/eval/unet_D64_T1000_S20_simple_20260504_204421/simple_A_T8_N6_eta0p0_D0_E100000/epsilon_greedy_00/condition_metadata.yaml,Object_5,4,/home/dev/workspace/dataset/nedo_dismantling_log/eval/unet_D64_T1000_S20_simple_20260504_204421/simple_A_T8_N6_eta0p0_D0_E100000/epsilon_greedy_00/Object_5/episode_4/rollout_data.pickle,0.0,0.0,100.0,20.57142845387755,8,"[0.0, 0.0, 0.0, 0.0, 0.0, 0.0, 0.0, 0.0]","[100.0, 100.0, 100.0, 100.0, 100.0, 100.0, 100.0, 100.0]","[1.2784090904551104, 2.5568181800022596, 4.545454539715335, 9.999999972222222, 17.99999991, 20.57142845387755, 20.57142845387755, 20.57142845387755]",True,boundary_uniform,0,simple_A,6,8,100000,conditional_diffusion,epsilon_greedy_00,0,0.0,0.0,0.0,0.0
eta_0p0_delta_0,0.0,0,/home/dev/workspace/dataset/nedo_dismantling_log/eval/unet_D64_T1000_S20_simple_20260504_204421/simple_A_T8_N6_eta0p0_D0_E100000/epsilon_greedy_00/condition_metadata.yaml,Object_5,5,/home/dev/workspace/dataset/nedo_dismantling_log/eval/unet_D64_T1000_S20_simple_20260504_204421/simple_A_T8_N6_eta0p0_D0_E100000/epsilon_greedy_00/Object_5/episode_5/rollout_data.pickle,0.0,0.0,100.0,25.714285530612248,8,"[0.0, 0.0, 0.0, 0.0, 0.0, 0.0, 0.0, 0.0]","[100.0, 100.0, 100.0, 100.0, 100.0, 100.0, 100.0, 100.0]","[1.2784090904551104, 2.5568181800022596, 4.545454539715335, 9.999999972222222, 17.99999991, 22.499999859375, 25.714285530612248, 25.714285530612248]",True,boundary_uniform,0,simple_A,6,8,100000,conditional_diffusion,epsilon_greedy_00,0,0.0,0.0,0.0,0.0
eta_0p0_delta_0,0.0,0,/home/dev/workspace/dataset/nedo_dismantling_log/eval/unet_D64_T1000_S20_simple_20260504_204421/simple_A_T8_N6_eta0p0_D0_E100000/epsilon_greedy_00/condition_metadata.yaml,Object_6,0,/home/dev/workspace/dataset/nedo_dismantling_log/eval/unet_D64_T1000_S20_simple_20260504_204421/simple_A_T8_N6_eta0p0_D0_E100000/epsilon_greedy_00/Object_6/episode_0/rollout_data.pickle,0.0,0.0,100.0,19.999999916666667,8,"[0.0, 0.0, 0.0, 0.0, 0.0, 0.0, 0.0, 0.0]","[100.0, 100.0, 100.0, 100.0, 100.0, 100.0, 100.0, 100.0]","[1.7045454539401472, 2.7272727257231404, 4.999999994791667, 8.33333331886574, 8.888888872427984, 9.523809504913077, 16.666666608796294, 19.999999916666667]",True,boundary_uniform,0,simple_A,6,8,100000,conditional_diffusion,epsilon_greedy_00,0,0.0,0.0,0.0,0.0
eta_0p0_delta_0,0.0,0,/home/dev/workspace/dataset/nedo_dismantling_log/eval/unet_D64_T1000_S20_simple_20260504_204421/simple_A_T8_N6_eta0p0_D0_E100000/epsilon_greedy_00/condition_metadata.yaml,Object_6,1,/home/dev/workspace/dataset/nedo_dismantling_log/eval/unet_D64_T1000_S20_simple_20260504_204421/simple_A_T8_N6_eta0p0_D0_E100000/epsilon_greedy_00/Object_6/episode_1/rollout_data.pickle,0.0,0.0,100.0,23.99999988,8,"[0.0, 0.0, 0.0, 0.0, 0.0, 0.0, 0.0, 0.0]","[100.0, 100.0, 100.0, 100.0, 100.0, 100.0, 100.0, 100.0]","[1.7045454539401472, 3.03030302838996, 5.555555549125515, 9.999999979166667, 10.666666642962962, 17.777777711934156, 21.33333323851852, 23.99999988]",True,boundary_uniform,0,simple_A,6,8,100000,conditional_diffusion,epsilon_greedy_00,0,0.0,0.0,0.0,0.0
eta_0p0_delta_0,0.0,0,/home/dev/workspace/dataset/nedo_dismantling_log/eval/unet_D64_T1000_S20_simple_20260504_204421/simple_A_T8_N6_eta0p0_D0_E100000/epsilon_greedy_00/condition_metadata.yaml,Object_6,2,/home/dev/workspace/dataset/nedo_dismantling_log/eval/unet_D64_T1000_S20_simple_20260504_204421/simple_A_T8_N6_eta0p0_D0_E100000/epsilon_greedy_00/Object_6/episode_2/rollout_data.pickle,0.0,0.0,100.0,23.99999988,8,"[0.0, 0.0, 0.0, 0.0, 0.0, 0.0, 0.0, 0.0]","[100.0, 100.0, 100.0, 100.0, 100.0, 100.0, 100.0, 100.0]","[1.7045454539401472, 3.03030302838996, 5.555555549125515, 9.999999979166667, 10.666666642962962, 11.428571401360545, 19.999999916666667, 23.99999988]",True,boundary_uniform,0,simple_A,6,8,100000,conditional_diffusion,epsilon_greedy_00,0,0.0,0.0,0.0,0.0
eta_0p0_delta_0,0.0,0,/home/dev/workspace/dataset/nedo_dismantling_log/eval/unet_D64_T1000_S20_simple_20260504_204421/simple_A_T8_N6_eta0p0_D0_E100000/epsilon_greedy_00/condition_metadata.yaml,Object_6,3,/home/dev/workspace/dataset/nedo_dismantling_log/eval/unet_D64_T1000_S20_simple_20260504_204421/simple_A_T8_N6_eta0p0_D0_E100000/epsilon_greedy_00/Object_6/episode_3/rollout_data.pickle,0.0,0.0,100.0,31.999999786666667,8,"[0.0, 0.0, 0.0, 0.0, 0.0, 0.0, 0.0, 0.0]","[100.0, 100.0, 100.0, 100.0, 100.0, 100.0, 100.0, 100.0]","[1.7045454539401472, 3.749999997070312, 6.666666657407408, 10.666666642962962, 17.777777711934156, 22.85714274829932, 26.666666518518518, 31.999999786666667]",True,boundary_uniform,0,simple_A,6,8,100000,conditional_diffusion,epsilon_greedy_00,0,0.0,0.0,0.0,0.0
eta_0p0_delta_0,0.0,0,/home/dev/workspace/dataset/nedo_dismantling_log/eval/unet_D64_T1000_S20_simple_20260504_204421/simple_A_T8_N6_eta0p0_D0_E100000/epsilon_greedy_00/condition_metadata.yaml,Object_6,4,/home/dev/workspace/dataset/nedo_dismantling_log/eval/unet_D64_T1000_S20_simple_20260504_204421/simple_A_T8_N6_eta0p0_D0_E100000/epsilon_greedy_00/Object_6/episode_4/rollout_data.pickle,0.0,0.0,100.0,19.04761897203326,8,"[0.0, 0.0, 0.0, 0.0, 0.0, 0.0, 0.0, 0.0]","[100.0, 100.0, 100.0, 100.0, 100.0, 100.0, 100.0, 100.0]","[1.7045454539401472, 2.7272727257231404, 4.999999994791667, 8.33333331886574, 9.523809504913077, 14.814814769090079, 19.04761897203326, 19.04761897203326]",True,boundary_uniform,0,simple_A,6,8,100000,conditional_diffusion,epsilon_greedy_00,0,0.0,0.0,0.0,0.0
eta_0p0_delta_0,0.0,0,/home/dev/workspace/dataset/nedo_dismantling_log/eval/unet_D64_T1000_S20_simple_20260504_204421/simple_A_T8_N6_eta0p0_D0_E100000/epsilon_greedy_00/condition_metadata.yaml,Object_6,5,/home/dev/workspace/dataset/nedo_dismantling_log/eval/unet_D64_T1000_S20_simple_20260504_204421/simple_A_T8_N6_eta0p0_D0_E100000/epsilon_greedy_00/Object_6/episode_5/rollout_data.pickle,0.0,0.0,100.0,26.666666518518518,8,"[0.0, 0.0, 0.0, 0.0, 0.0, 0.0, 0.0, 0.0]","[100.0, 100.0, 100.0, 100.0, 100.0, 100.0, 100.0, 100.0]","[1.7045454539401472, 2.7272727257231404, 4.999999994791667, 8.33333331886574, 10.256410234494851, 16.666666608796294, 22.222222119341563, 26.666666518518518]",True,boundary_uniform,0,simple_A,6,8,100000,conditional_diffusion,epsilon_greedy_00,0,0.0,0.0,0.0,0.0
eta_0p5_delta_0,0.5,0,/home/dev/workspace/dataset/nedo_dismantling_log/eval/unet_D64_T1000_S20_simple_20260504_204421/simple_A_T8_N6_eta0p5_D0_E100000/epsilon_greedy_00/condition_metadata.yaml,Object_4,0,/home/dev/workspace/dataset/nedo_dismantling_log/eval/unet_D64_T1000_S20_simple_20260504_204421/simple_A_T8_N6_eta0p5_D0_E100000/epsilon_greedy_00/Object_4/episode_0/rollout_data.pickle,0.0,0.0,100.0,29.999999625000008,8,"[0.0, 0.0, 0.0, 0.0, 0.0, 0.0, 0.0, 0.0]","[100.0, 100.0, 100.0, 100.0, 100.0, 100.0, 100.0, 100.0]","[0.8522727269700736, 1.7045454533348399, 3.0303030264768904, 6.666666648148148, 14.99999990625, 23.999999760000005, 23.999999760000005, 29.999999625000008]",True,boundary_uniform,0,simple_A,6,8,100000,conditional_diffusion,epsilon_greedy_00,0,0.0,0.0,0.0,0.0
eta_0p5_delta_0,0.5,0,/home/dev/workspace/dataset/nedo_dismantling_log/eval/unet_D64_T1000_S20_simple_20260504_204421/simple_A_T8_N6_eta0p5_D0_E100000/epsilon_greedy_00/condition_metadata.yaml,Object_4,1,/home/dev/workspace/dataset/nedo_dismantling_log/eval/unet_D64_T1000_S20_simple_20260504_204421/simple_A_T8_N6_eta0p5_D0_E100000/epsilon_greedy_00/Object_4/episode_1/rollout_data.pickle,0.0,0.0,100.0,29.999999625000008,8,"[0.0, 0.0, 0.0, 0.0, 0.0, 0.0, 0.0, 0.0]","[100.0, 100.0, 100.0, 100.0, 100.0, 100.0, 100.0, 100.0]","[0.8522727269700736, 1.9480519464707369, 3.463203458206056, 7.619047594860167, 17.142857020408165, 23.999999760000005, 29.999999625000008, 29.999999625000008]",True,boundary_uniform,0,simple_A,6,8,100000,conditional_diffusion,epsilon_greedy_00,0,0.0,0.0,0.0,0.0
eta_0p5_delta_0,0.5,0,/home/dev/workspace/dataset/nedo_dismantling_log/eval/unet_D64_T1000_S20_simple_20260504_204421/simple_A_T8_N6_eta0p5_D0_E100000/epsilon_greedy_00/condition_metadata.yaml,Object_4,2,/home/dev/workspace/dataset/nedo_dismantling_log/eval/unet_D64_T1000_S20_simple_20260504_204421/simple_A_T8_N6_eta0p5_D0_E100000/epsilon_greedy_00/Object_4/episode_2/rollout_data.pickle,0.0,0.0,100.0,23.999999760000005,8,"[0.0, 0.0, 0.0, 0.0, 0.0, 0.0, 0.0, 0.0]","[100.0, 100.0, 100.0, 100.0, 100.0, 100.0, 100.0, 100.0]","[0.8522727269700736, 1.7045454533348399, 3.0303030264768904, 6.666666648148148, 14.99999990625, 23.999999760000005, 23.999999760000005, 23.999999760000005]",True,boundary_uniform,0,simple_A,6,8,100000,conditional_diffusion,epsilon_greedy_00,0,0.0,0.0,0.0,0.0
eta_0p5_delta_0,0.5,0,/home/dev/workspace/dataset/nedo_dismantling_log/eval/unet_D64_T1000_S20_simple_20260504_204421/simple_A_T8_N6_eta0p5_D0_E100000/epsilon_greedy_00/condition_metadata.yaml,Object_4,3,/home/dev/workspace/dataset/nedo_dismantling_log/eval/unet_D64_T1000_S20_simple_20260504_204421/simple_A_T8_N6_eta0p5_D0_E100000/epsilon_greedy_00/Object_4/episode_3/rollout_data.pickle,0.0,0.0,100.0,29.999999625000008,8,"[0.0, 0.0, 0.0, 0.0, 0.0, 0.0, 0.0, 0.0]","[100.0, 100.0, 100.0, 100.0, 100.0, 100.0, 100.0, 100.0]","[0.8522727269700736, 1.7045454533348399, 3.0303030264768904, 6.666666648148148, 14.99999990625, 23.999999760000005, 23.999999760000005, 29.999999625000008]",True,boundary_uniform,0,simple_A,6,8,100000,conditional_diffusion,epsilon_greedy_00,0,0.0,0.0,0.0,0.0
eta_0p5_delta_0,0.5,0,/home/dev/workspace/dataset/nedo_dismantling_log/eval/unet_D64_T1000_S20_simple_20260504_204421/simple_A_T8_N6_eta0p5_D0_E100000/epsilon_greedy_00/condition_metadata.yaml,Object_4,4,/home/dev/workspace/dataset/nedo_dismantling_log/eval/unet_D64_T1000_S20_simple_20260504_204421/simple_A_T8_N6_eta0p5_D0_E100000/epsilon_greedy_00/Object_4/episode_4/rollout_data.pickle,0.0,0.0,100.0,29.999999625000008,8,"[0.0, 0.0, 0.0, 0.0, 0.0, 0.0, 0.0, 0.0]","[100.0, 100.0, 100.0, 100.0, 100.0, 100.0, 100.0, 100.0]","[0.8522727269700736, 1.9480519464707369, 3.463203458206056, 7.619047594860167, 17.142857020408165, 23.999999760000005, 23.999999760000005, 29.999999625000008]",True,boundary_uniform,0,simple_A,6,8,100000,conditional_diffusion,epsilon_greedy_00,0,0.0,0.0,0.0,0.0
eta_0p5_delta_0,0.5,0,/home/dev/workspace/dataset/nedo_dismantling_log/eval/unet_D64_T1000_S20_simple_20260504_204421/simple_A_T8_N6_eta0p5_D0_E100000/epsilon_greedy_00/condition_metadata.yaml,Object_4,5,/home/dev/workspace/dataset/nedo_dismantling_log/eval/unet_D64_T1000_S20_simple_20260504_204421/simple_A_T8_N6_eta0p5_D0_E100000/epsilon_greedy_00/Object_4/episode_5/rollout_data.pickle,0.0,0.0,100.0,23.999999760000005,8,"[0.0, 0.0, 0.0, 0.0, 0.0, 0.0, 0.0, 0.0]","[100.0, 100.0, 100.0, 100.0, 100.0, 100.0, 100.0, 100.0]","[0.8522727269700736, 1.9480519464707369, 3.463203458206056, 7.619047594860167, 17.142857020408165, 23.999999760000005, 23.999999760000005, 23.999999760000005]",True,boundary_uniform,0,simple_A,6,8,100000,conditional_diffusion,epsilon_greedy_00,0,0.0,0.0,0.0,0.0
eta_0p5_delta_0,0.5,0,/home/dev/workspace/dataset/nedo_dismantling_log/eval/unet_D64_T1000_S20_simple_20260504_204421/simple_A_T8_N6_eta0p5_D0_E100000/epsilon_greedy_00/condition_metadata.yaml,Object_5,0,/home/dev/workspace/dataset/nedo_dismantling_log/eval/unet_D64_T1000_S20_simple_20260504_204421/simple_A_T8_N6_eta0p5_D0_E100000/epsilon_greedy_00/Object_5/episode_0/rollout_data.pickle,0.0,0.0,100.0,44.99999943750001,8,"[0.0, 0.0, 0.0, 0.0, 0.0, 0.0, 0.0, 0.0]","[100.0, 100.0, 100.0, 100.0, 100.0, 100.0, 100.0, 100.0]","[1.2784090904551104, 2.9220779197061053, 5.1948051873090835, 11.42857139229025, 25.714285530612248, 35.99999964, 35.99999964, 44.99999943750001]",True,boundary_uniform,0,simple_A,6,8,100000,conditional_diffusion,epsilon_greedy_00,0,0.0,0.0,0.0,0.0
eta_0p5_delta_0,0.5,0,/home/dev/workspace/dataset/nedo_dismantling_log/eval/unet_D64_T1000_S20_simple_20260504_204421/simple_A_T8_N6_eta0p5_D0_E100000/epsilon_greedy_00/condition_metadata.yaml,Object_5,1,/home/dev/workspace/dataset/nedo_dismantling_log/eval/unet_D64_T1000_S20_simple_20260504_204421/simple_A_T8_N6_eta0p5_D0_E100000/epsilon_greedy_00/Object_5/episode_1/rollout_data.pickle,0.0,0.0,100.0,44.99999943750001,8,"[0.0, 0.0, 0.0, 0.0, 0.0, 0.0, 0.0, 0.0]","[100.0, 100.0, 100.0, 100.0, 100.0, 100.0, 100.0, 100.0]","[1.2784090904551104, 2.5568181800022596, 4.545454539715335, 9.999999972222222, 22.499999859375, 29.99999975, 37.49999960937501, 44.99999943750001]",True,boundary_uniform,0,simple_A,6,8,100000,conditional_diffusion,epsilon_greedy_00,0,0.0,0.0,0.0,0.0
eta_0p5_delta_0,0.5,0,/home/dev/workspace/dataset/nedo_dismantling_log/eval/unet_D64_T1000_S20_simple_20260504_204421/simple_A_T8_N6_eta0p5_D0_E100000/epsilon_greedy_00/condition_metadata.yaml,Object_5,2,/home/dev/workspace/dataset/nedo_dismantling_log/eval/unet_D64_T1000_S20_simple_20260504_204421/simple_A_T8_N6_eta0p5_D0_E100000/epsilon_greedy_00/Object_5/episode_2/rollout_data.pickle,0.0,0.0,100.0,35.99999964,8,"[0.0, 0.0, 0.0, 0.0, 0.0, 0.0, 0.0, 0.0]","[100.0, 100.0, 100.0, 100.0, 100.0, 100.0, 100.0, 100.0]","[1.2784090904551104, 2.9220779197061053, 5.1948051873090835, 11.42857139229025, 25.714285530612248, 35.99999964, 35.99999964, 35.99999964]",True,boundary_uniform,0,simple_A,6,8,100000,conditional_diffusion,epsilon_greedy_00,0,0.0,0.0,0.0,0.0
eta_0p5_delta_0,0.5,0,/home/dev/workspace/dataset/nedo_dismantling_log/eval/unet_D64_T1000_S20_simple_20260504_204421/simple_A_T8_N6_eta0p5_D0_E100000/epsilon_greedy_00/condition_metadata.yaml,Object_5,3,/home/dev/workspace/dataset/nedo_dismantling_log/eval/unet_D64_T1000_S20_simple_20260504_204421/simple_A_T8_N6_eta0p5_D0_E100000/epsilon_greedy_00/Object_5/episode_3/rollout_data.pickle,0.0,0.0,100.0,35.99999964,8,"[0.0, 0.0, 0.0, 0.0, 0.0, 0.0, 0.0, 0.0]","[100.0, 100.0, 100.0, 100.0, 100.0, 100.0, 100.0, 100.0]","[1.2784090904551104, 2.9220779197061053, 5.1948051873090835, 11.42857139229025, 25.714285530612248, 35.99999964, 35.99999964, 35.99999964]",True,boundary_uniform,0,simple_A,6,8,100000,conditional_diffusion,epsilon_greedy_00,0,0.0,0.0,0.0,0.0
eta_0p5_delta_0,0.5,0,/home/dev/workspace/dataset/nedo_dismantling_log/eval/unet_D64_T1000_S20_simple_20260504_204421/simple_A_T8_N6_eta0p5_D0_E100000/epsilon_greedy_00/condition_metadata.yaml,Object_5,4,/home/dev/workspace/dataset/nedo_dismantling_log/eval/unet_D64_T1000_S20_simple_20260504_204421/simple_A_T8_N6_eta0p5_D0_E100000/epsilon_greedy_00/Object_5/episode_4/rollout_data.pickle,0.0,0.0,100.0,44.99999943750001,8,"[0.0, 0.0, 0.0, 0.0, 0.0, 0.0, 0.0, 0.0]","[100.0, 100.0, 100.0, 100.0, 100.0, 100.0, 100.0, 100.0]","[1.2784090904551104, 2.5568181800022596, 4.545454539715335, 9.999999972222222, 22.499999859375, 35.99999964, 35.99999964, 44.99999943750001]",True,boundary_uniform,0,simple_A,6,8,100000,conditional_diffusion,epsilon_greedy_00,0,0.0,0.0,0.0,0.0
eta_0p5_delta_0,0.5,0,/home/dev/workspace/dataset/nedo_dismantling_log/eval/unet_D64_T1000_S20_simple_20260504_204421/simple_A_T8_N6_eta0p5_D0_E100000/epsilon_greedy_00/condition_metadata.yaml,Object_5,5,/home/dev/workspace/dataset/nedo_dismantling_log/eval/unet_D64_T1000_S20_simple_20260504_204421/simple_A_T8_N6_eta0p5_D0_E100000/epsilon_greedy_00/Object_5/episode_5/rollout_data.pickle,0.0,0.0,100.0,35.99999964,8,"[0.0, 0.0, 0.0, 0.0, 0.0, 0.0, 0.0, 0.0]","[100.0, 100.0, 100.0, 100.0, 100.0, 100.0, 100.0, 100.0]","[1.2784090904551104, 2.9220779197061053, 5.1948051873090835, 11.42857139229025, 20.57142845387755, 28.799999769600003, 35.99999964, 35.99999964]",True,boundary_uniform,0,simple_A,6,8,100000,conditional_diffusion,epsilon_greedy_00,0,0.0,0.0,0.0,0.0
eta_0p5_delta_0,0.5,0,/home/dev/workspace/dataset/nedo_dismantling_log/eval/unet_D64_T1000_S20_simple_20260504_204421/simple_A_T8_N6_eta0p5_D0_E100000/epsilon_greedy_00/condition_metadata.yaml,Object_6,0,/home/dev/workspace/dataset/nedo_dismantling_log/eval/unet_D64_T1000_S20_simple_20260504_204421/simple_A_T8_N6_eta0p5_D0_E100000/epsilon_greedy_00/Object_6/episode_0/rollout_data.pickle,0.0,0.0,100.0,39.99999966666667,8,"[0.0, 0.0, 0.0, 0.0, 0.0, 0.0, 0.0, 0.0]","[100.0, 100.0, 100.0, 100.0, 100.0, 100.0, 100.0, 100.0]","[1.7045454539401472, 3.03030302838996, 5.555555549125515, 12.499999967447916, 14.285714243197278, 24.999999869791665, 33.333333101851856, 39.99999966666667]",True,boundary_uniform,0,simple_A,6,8,100000,conditional_diffusion,epsilon_greedy_00,0,0.0,0.0,0.0,0.0
eta_0p5_delta_0,0.5,0,/home/dev/workspace/dataset/nedo_dismantling_log/eval/unet_D64_T1000_S20_simple_20260504_204421/simple_A_T8_N6_eta0p5_D0_E100000/epsilon_greedy_00/condition_metadata.yaml,Object_6,1,/home/dev/workspace/dataset/nedo_dismantling_log/eval/unet_D64_T1000_S20_simple_20260504_204421/simple_A_T8_N6_eta0p5_D0_E100000/epsilon_greedy_00/Object_6/episode_1/rollout_data.pickle,0.0,0.0,100.0,39.99999966666667,8,"[0.0, 0.0, 0.0, 0.0, 0.0, 0.0, 0.0, 0.0]","[100.0, 100.0, 100.0, 100.0, 100.0, 100.0, 100.0, 100.0]","[1.7045454539401472, 3.03030302838996, 5.555555549125515, 12.499999967447916, 15.384615335305721, 24.999999869791665, 33.333333101851856, 39.99999966666667]",True,boundary_uniform,0,simple_A,6,8,100000,conditional_diffusion,epsilon_greedy_00,0,0.0,0.0,0.0,0.0
eta_0p5_delta_0,0.5,0,/home/dev/workspace/dataset/nedo_dismantling_log/eval/unet_D64_T1000_S20_simple_20260504_204421/simple_A_T8_N6_eta0p5_D0_E100000/epsilon_greedy_00/condition_metadata.yaml,Object_6,2,/home/dev/workspace/dataset/nedo_dismantling_log/eval/unet_D64_T1000_S20_simple_20260504_204421/simple_A_T8_N6_eta0p5_D0_E100000/epsilon_greedy_00/Object_6/episode_2/rollout_data.pickle,12.0,25.0,75.0,44.99999943750001,8,"[0.0, 0.0, 0.0, 0.0, 0.0, 12.0, 0.0, 0.0]","[100.0, 100.0, 100.0, 100.0, 100.0, 75.0, 75.0, 75.0]","[1.7045454539401472, 3.03030302838996, 5.555555549125515, 12.499999967447916, 16.666666608796294, 21.428571301020412, 37.49999960937501, 44.99999943750001]",True,boundary_uniform,0,simple_A,6,8,100000,conditional_diffusion,epsilon_greedy_00,0,0.0,0.0,0.0,0.0
eta_0p5_delta_0,0.5,0,/home/dev/workspace/dataset/nedo_dismantling_log/eval/unet_D64_T1000_S20_simple_20260504_204421/simple_A_T8_N6_eta0p5_D0_E100000/epsilon_greedy_00/condition_metadata.yaml,Object_6,3,/home/dev/workspace/dataset/nedo_dismantling_log/eval/unet_D64_T1000_S20_simple_20260504_204421/simple_A_T8_N6_eta0p5_D0_E100000/epsilon_greedy_00/Object_6/episode_3/rollout_data.pickle,0.0,0.0,100.0,59.999999250000016,8,"[0.0, 0.0, 0.0, 0.0, 0.0, 0.0, 0.0, 0.0]","[100.0, 100.0, 100.0, 100.0, 100.0, 100.0, 100.0, 100.0]","[1.7045454539401472, 3.03030302838996, 6.666666657407408, 13.333333296296296, 29.9999998125, 47.99999952000001, 59.999999250000016, 59.999999250000016]",True,boundary_uniform,0,simple_A,6,8,100000,conditional_diffusion,epsilon_greedy_00,0,0.0,0.0,0.0,0.0
eta_0p5_delta_0,0.5,0,/home/dev/workspace/dataset/nedo_dismantling_log/eval/unet_D64_T1000_S20_simple_20260504_204421/simple_A_T8_N6_eta0p5_D0_E100000/epsilon_greedy_00/condition_metadata.yaml,Object_6,4,/home/dev/workspace/dataset/nedo_dismantling_log/eval/unet_D64_T1000_S20_simple_20260504_204421/simple_A_T8_N6_eta0p5_D0_E100000/epsilon_greedy_00/Object_6/episode_4/rollout_data.pickle,0.0,0.0,100.0,47.99999952000001,8,"[0.0, 0.0, 0.0, 0.0, 0.0, 0.0, 0.0, 0.0]","[100.0, 100.0, 100.0, 100.0, 100.0, 100.0, 100.0, 100.0]","[1.7045454539401472, 3.03030302838996, 5.555555549125515, 12.499999967447916, 14.285714243197278, 24.999999869791665, 39.99999966666667, 47.99999952000001]",True,boundary_uniform,0,simple_A,6,8,100000,conditional_diffusion,epsilon_greedy_00,0,0.0,0.0,0.0,0.0
eta_0p5_delta_0,0.5,0,/home/dev/workspace/dataset/nedo_dismantling_log/eval/unet_D64_T1000_S20_simple_20260504_204421/simple_A_T8_N6_eta0p5_D0_E100000/epsilon_greedy_00/condition_metadata.yaml,Object_6,5,/home/dev/workspace/dataset/nedo_dismantling_log/eval/unet_D64_T1000_S20_simple_20260504_204421/simple_A_T8_N6_eta0p5_D0_E100000/epsilon_greedy_00/Object_6/episode_5/rollout_data.pickle,0.0,0.0,100.0,28.571428401360542,8,"[0.0, 0.0, 0.0, 0.0, 0.0, 0.0, 0.0, 0.0]","[100.0, 100.0, 100.0, 100.0, 100.0, 100.0, 100.0, 100.0]","[1.7045454539401472, 3.03030302838996, 5.3872053811591405, 9.876543189554438, 22.222222119341563, 28.571428401360542, 28.571428401360542, 28.571428401360542]",True,boundary_uniform,0,simple_A,6,8,100000,conditional_diffusion,epsilon_greedy_00,0,0.0,0.0,0.0,0.0
eta_1p0_delta_0,1.0,0,/home/dev/workspace/dataset/nedo_dismantling_log/eval/unet_D64_T1000_S20_simple_20260504_204421/simple_A_T8_N6_eta1p0_D0_E100000/epsilon_greedy_00/condition_metadata.yaml,Object_4,0,/home/dev/workspace/dataset/nedo_dismantling_log/eval/unet_D64_T1000_S20_simple_20260504_204421/simple_A_T8_N6_eta1p0_D0_E100000/epsilon_greedy_00/Object_4/episode_0/rollout_data.pickle,0.0,0.0,100.0,49.99999895833336,8,"[0.0, 0.0, 0.0, 0.0, 0.0, 0.0, 0.0, 0.0]","[100.0, 100.0, 100.0, 100.0, 100.0, 100.0, 100.0, 100.0]","[0.8522727269700736, 2.2727272705750687, 4.54545453684573, 9.999999958333333, 26.666666370370372, 39.99999933333335, 49.99999895833336, 49.99999895833336]",True,boundary_uniform,0,simple_A,6,8,100000,conditional_diffusion,epsilon_greedy_00,0,0.0,0.0,0.0,0.0
eta_1p0_delta_0,1.0,0,/home/dev/workspace/dataset/nedo_dismantling_log/eval/unet_D64_T1000_S20_simple_20260504_204421/simple_A_T8_N6_eta1p0_D0_E100000/epsilon_greedy_00/condition_metadata.yaml,Object_4,1,/home/dev/workspace/dataset/nedo_dismantling_log/eval/unet_D64_T1000_S20_simple_20260504_204421/simple_A_T8_N6_eta1p0_D0_E100000/epsilon_greedy_00/Object_4/episode_1/rollout_data.pickle,24.0,100.0,0.0,0.0,8,"[0.0, 0.0, 0.0, 0.0, 0.0, 0.0, 0.0, 24.0]","[100.0, 100.0, 100.0, 100.0, 100.0, 100.0, 100.0, 0.0]","[0.8522727269700736, 2.2727272705750687, 4.54545453684573, 9.999999958333333, 26.666666370370372, 39.99999933333335, 49.99999895833336, 0.0]",True,boundary_uniform,0,simple_A,6,8,100000,conditional_diffusion,epsilon_greedy_00,0,0.0,0.0,0.0,0.0
eta_1p0_delta_0,1.0,0,/home/dev/workspace/dataset/nedo_dismantling_log/eval/unet_D64_T1000_S20_simple_20260504_204421/simple_A_T8_N6_eta1p0_D0_E100000/epsilon_greedy_00/condition_metadata.yaml,Object_4,2,/home/dev/workspace/dataset/nedo_dismantling_log/eval/unet_D64_T1000_S20_simple_20260504_204421/simple_A_T8_N6_eta1p0_D0_E100000/epsilon_greedy_00/Object_4/episode_2/rollout_data.pickle,18.0,75.0,25.0,5.357142809311225,8,"[0.0, 0.0, 18.0, 0.0, 0.0, 0.0, 0.0, 0.0]","[100.0, 100.0, 25.0, 25.0, 25.0, 25.0, 25.0, 25.0]","[0.8522727269700736, 1.9480519464707369, 2.6785714166135204, 5.357142809311225, 5.357142809311225, 5.357142809311225, 5.357142809311225, 5.357142809311225]",True,boundary_uniform,0,simple_A,6,8,100000,conditional_diffusion,epsilon_greedy_00,0,0.0,0.0,0.0,0.0
eta_1p0_delta_0,1.0,0,/home/dev/workspace/dataset/nedo_dismantling_log/eval/unet_D64_T1000_S20_simple_20260504_204421/simple_A_T8_N6_eta1p0_D0_E100000/epsilon_greedy_00/condition_metadata.yaml,Object_4,3,/home/dev/workspace/dataset/nedo_dismantling_log/eval/unet_D64_T1000_S20_simple_20260504_204421/simple_A_T8_N6_eta1p0_D0_E100000/epsilon_greedy_00/Object_4/episode_3/rollout_data.pickle,18.0,75.0,25.0,33.33333148148158,8,"[0.0, 0.0, 0.0, 0.0, 0.0, 18.0, 0.0, 0.0]","[100.0, 100.0, 100.0, 100.0, 100.0, 25.0, 25.0, 25.0]","[0.8522727269700736, 2.2727272705750687, 4.54545453684573, 9.999999958333333, 26.666666370370372, 33.33333148148158, 33.33333148148158, 33.33333148148158]",True,boundary_uniform,0,simple_A,6,8,100000,conditional_diffusion,epsilon_greedy_00,0,0.0,0.0,0.0,0.0
eta_1p0_delta_0,1.0,0,/home/dev/workspace/dataset/nedo_dismantling_log/eval/unet_D64_T1000_S20_simple_20260504_204421/simple_A_T8_N6_eta1p0_D0_E100000/epsilon_greedy_00/condition_metadata.yaml,Object_4,4,/home/dev/workspace/dataset/nedo_dismantling_log/eval/unet_D64_T1000_S20_simple_20260504_204421/simple_A_T8_N6_eta1p0_D0_E100000/epsilon_greedy_00/Object_4/episode_4/rollout_data.pickle,18.0,75.0,25.0,2.3437499908447266,8,"[0.0, 18.0, 0.0, 0.0, 0.0, 0.0, 0.0, 0.0]","[100.0, 25.0, 25.0, 25.0, 25.0, 25.0, 25.0, 25.0]","[0.8522727269700736, 1.1718749977111818, 2.3437499908447266, 2.3437499908447266, 2.3437499908447266, 2.3437499908447266, 2.3437499908447266, 2.3437499908447266]",True,boundary_uniform,0,simple_A,6,8,100000,conditional_diffusion,epsilon_greedy_00,0,0.0,0.0,0.0,0.0
eta_1p0_delta_0,1.0,0,/home/dev/workspace/dataset/nedo_dismantling_log/eval/unet_D64_T1000_S20_simple_20260504_204421/simple_A_T8_N6_eta1p0_D0_E100000/epsilon_greedy_00/condition_metadata.yaml,Object_4,5,/home/dev/workspace/dataset/nedo_dismantling_log/eval/unet_D64_T1000_S20_simple_20260504_204421/simple_A_T8_N6_eta1p0_D0_E100000/epsilon_greedy_00/Object_4/episode_5/rollout_data.pickle,18.0,75.0,25.0,2.3437499908447266,8,"[0.0, 18.0, 0.0, 0.0, 0.0, 0.0, 0.0, 0.0]","[100.0, 25.0, 25.0, 25.0, 25.0, 25.0, 25.0, 25.0]","[0.8522727269700736, 1.1718749977111818, 2.3437499908447266, 2.3437499908447266, 2.3437499908447266, 2.3437499908447266, 2.3437499908447266, 2.3437499908447266]",True,boundary_uniform,0,simple_A,6,8,100000,conditional_diffusion,epsilon_greedy_00,0,0.0,0.0,0.0,0.0
eta_1p0_delta_0,1.0,0,/home/dev/workspace/dataset/nedo_dismantling_log/eval/unet_D64_T1000_S20_simple_20260504_204421/simple_A_T8_N6_eta1p0_D0_E100000/epsilon_greedy_00/condition_metadata.yaml,Object_5,0,/home/dev/workspace/dataset/nedo_dismantling_log/eval/unet_D64_T1000_S20_simple_20260504_204421/simple_A_T8_N6_eta1p0_D0_E100000/epsilon_greedy_00/Object_5/episode_0/rollout_data.pickle,24.0,66.66666666666666,33.33333333333333,6.818181779442149,8,"[0.0, 12.0, 0.0, 12.0, 0.0, 0.0, 0.0, 0.0]","[100.0, 66.66666666666666, 66.66666666666666, 33.33333333333333, 33.33333333333333, 33.33333333333333, 33.33333333333333, 33.33333333333333]","[1.2784090904551104, 2.2727272705750687, 4.54545453684573, 3.4090908994059923, 6.818181779442149, 6.818181779442149, 6.818181779442149, 6.818181779442149]",True,boundary_uniform,0,simple_A,6,8,100000,conditional_diffusion,epsilon_greedy_00,0,0.0,0.0,0.0,0.0
eta_1p0_delta_0,1.0,0,/home/dev/workspace/dataset/nedo_dismantling_log/eval/unet_D64_T1000_S20_simple_20260504_204421/simple_A_T8_N6_eta1p0_D0_E100000/epsilon_greedy_00/condition_metadata.yaml,Object_5,1,/home/dev/workspace/dataset/nedo_dismantling_log/eval/unet_D64_T1000_S20_simple_20260504_204421/simple_A_T8_N6_eta1p0_D0_E100000/epsilon_greedy_00/Object_5/episode_1/rollout_data.pickle,27.0,75.0,25.0,11.688311536515435,8,"[0.0, 0.0, 9.0, 0.0, 0.0, 0.0, 18.0, 0.0]","[100.0, 100.0, 75.0, 75.0, 75.0, 75.0, 25.0, 25.0]","[1.2784090904551104, 2.9220779197061053, 4.383116876001434, 11.688311637712937, 11.688311637712937, 11.688311637712937, 11.688311536515435, 11.688311536515435]",True,boundary_uniform,0,simple_A,6,8,100000,conditional_diffusion,epsilon_greedy_00,0,0.0,0.0,0.0,0.0
eta_1p0_delta_0,1.0,0,/home/dev/workspace/dataset/nedo_dismantling_log/eval/unet_D64_T1000_S20_simple_20260504_204421/simple_A_T8_N6_eta1p0_D0_E100000/epsilon_greedy_00/condition_metadata.yaml,Object_5,2,/home/dev/workspace/dataset/nedo_dismantling_log/eval/unet_D64_T1000_S20_simple_20260504_204421/simple_A_T8_N6_eta1p0_D0_E100000/epsilon_greedy_00/Object_5/episode_2/rollout_data.pickle,12.0,33.33333333333333,66.66666666666666,6.818181798811985,8,"[0.0, 12.0, 0.0, 0.0, 0.0, 0.0, 0.0, 0.0]","[100.0, 66.66666666666666, 66.66666666666666, 66.66666666666666, 66.66666666666666, 66.66666666666666, 66.66666666666666, 66.66666666666666]","[1.2784090904551104, 2.2727272705750687, 6.818181798811985, 6.818181798811985, 6.818181798811985, 6.818181798811985, 6.818181798811985, 6.818181798811985]",True,boundary_uniform,0,simple_A,6,8,100000,conditional_diffusion,epsilon_greedy_00,0,0.0,0.0,0.0,0.0
eta_1p0_delta_0,1.0,0,/home/dev/workspace/dataset/nedo_dismantling_log/eval/unet_D64_T1000_S20_simple_20260504_204421/simple_A_T8_N6_eta1p0_D0_E100000/epsilon_greedy_00/condition_metadata.yaml,Object_5,3,/home/dev/workspace/dataset/nedo_dismantling_log/eval/unet_D64_T1000_S20_simple_20260504_204421/simple_A_T8_N6_eta1p0_D0_E100000/epsilon_greedy_00/Object_5/episode_3/rollout_data.pickle,27.0,75.0,25.0,11.688311536515435,8,"[0.0, 0.0, 9.0, 0.0, 0.0, 18.0, 0.0, 0.0]","[100.0, 100.0, 75.0, 75.0, 75.0, 25.0, 25.0, 25.0]","[1.2784090904551104, 2.9220779197061053, 4.383116876001434, 11.688311637712937, 11.688311637712937, 11.688311536515435, 11.688311536515435, 11.688311536515435]",True,boundary_uniform,0,simple_A,6,8,100000,conditional_diffusion,epsilon_greedy_00,0,0.0,0.0,0.0,0.0
eta_1p0_delta_0,1.0,0,/home/dev/workspace/dataset/nedo_dismantling_log/eval/unet_D64_T1000_S20_simple_20260504_204421/simple_A_T8_N6_eta1p0_D0_E100000/epsilon_greedy_00/condition_metadata.yaml,Object_5,4,/home/dev/workspace/dataset/nedo_dismantling_log/eval/unet_D64_T1000_S20_simple_20260504_204421/simple_A_T8_N6_eta1p0_D0_E100000/epsilon_greedy_00/Object_5/episode_4/rollout_data.pickle,24.0,66.66666666666666,33.33333333333333,6.818181779442149,8,"[0.0, 12.0, 0.0, 12.0, 0.0, 0.0, 0.0, 0.0]","[100.0, 66.66666666666666, 66.66666666666666, 33.33333333333333, 33.33333333333333, 33.33333333333333, 33.33333333333333, 33.33333333333333]","[1.2784090904551104, 2.2727272705750687, 4.54545453684573, 3.4090908994059923, 6.818181779442149, 6.818181779442149, 6.818181779442149, 6.818181779442149]",True,boundary_uniform,0,simple_A,6,8,100000,conditional_diffusion,epsilon_greedy_00,0,0.0,0.0,0.0,0.0
eta_1p0_delta_0,1.0,0,/home/dev/workspace/dataset/nedo_dismantling_log/eval/unet_D64_T1000_S20_simple_20260504_204421/simple_A_T8_N6_eta1p0_D0_E100000/epsilon_greedy_00/condition_metadata.yaml,Object_5,5,/home/dev/workspace/dataset/nedo_dismantling_log/eval/unet_D64_T1000_S20_simple_20260504_204421/simple_A_T8_N6_eta1p0_D0_E100000/epsilon_greedy_00/Object_5/episode_5/rollout_data.pickle,24.0,66.66666666666666,33.33333333333333,6.818181779442149,8,"[0.0, 12.0, 0.0, 0.0, 0.0, 0.0, 12.0, 0.0]","[100.0, 66.66666666666666, 66.66666666666666, 66.66666666666666, 66.66666666666666, 66.66666666666666, 33.33333333333333, 33.33333333333333]","[1.2784090904551104, 2.2727272705750687, 6.818181798811985, 6.818181798811985, 6.818181798811985, 6.818181798811985, 6.818181779442149, 6.818181779442149]",True,boundary_uniform,0,simple_A,6,8,100000,conditional_diffusion,epsilon_greedy_00,0,0.0,0.0,0.0,0.0
eta_1p0_delta_0,1.0,0,/home/dev/workspace/dataset/nedo_dismantling_log/eval/unet_D64_T1000_S20_simple_20260504_204421/simple_A_T8_N6_eta1p0_D0_E100000/epsilon_greedy_00/condition_metadata.yaml,Object_6,0,/home/dev/workspace/dataset/nedo_dismantling_log/eval/unet_D64_T1000_S20_simple_20260504_204421/simple_A_T8_N6_eta1p0_D0_E100000/epsilon_greedy_00/Object_6/episode_0/rollout_data.pickle,12.0,25.0,75.0,5.113636356372676,8,"[0.0, 12.0, 0.0, 0.0, 0.0, 0.0, 0.0, 0.0]","[100.0, 75.0, 75.0, 75.0, 75.0, 75.0, 75.0, 75.0]","[1.7045454539401472, 2.9220779197061053, 5.113636356372676, 5.113636356372676, 5.113636356372676, 5.113636356372676, 5.113636356372676, 5.113636356372676]",True,boundary_uniform,0,simple_A,6,8,100000,conditional_diffusion,epsilon_greedy_00,0,0.0,0.0,0.0,0.0
eta_1p0_delta_0,1.0,0,/home/dev/workspace/dataset/nedo_dismantling_log/eval/unet_D64_T1000_S20_simple_20260504_204421/simple_A_T8_N6_eta1p0_D0_E100000/epsilon_greedy_00/condition_metadata.yaml,Object_6,1,/home/dev/workspace/dataset/nedo_dismantling_log/eval/unet_D64_T1000_S20_simple_20260504_204421/simple_A_T8_N6_eta1p0_D0_E100000/epsilon_greedy_00/Object_6/episode_1/rollout_data.pickle,48.0,100.0,0.0,0.0,8,"[0.0, 24.0, 0.0, 0.0, 24.0, 0.0, 0.0, 0.0]","[100.0, 50.0, 50.0, 50.0, 0.0, 0.0, 0.0, 0.0]","[1.7045454539401472, 2.2727272705750687, 4.54545453684573, 6.818181798811985, 0.0, 0.0, 0.0, 0.0]",True,boundary_uniform,0,simple_A,6,8,100000,conditional_diffusion,epsilon_greedy_00,0,0.0,0.0,0.0,0.0
eta_1p0_delta_0,1.0,0,/home/dev/workspace/dataset/nedo_dismantling_log/eval/unet_D64_T1000_S20_simple_20260504_204421/simple_A_T8_N6_eta1p0_D0_E100000/epsilon_greedy_00/condition_metadata.yaml,Object_6,2,/home/dev/workspace/dataset/nedo_dismantling_log/eval/unet_D64_T1000_S20_simple_20260504_204421/simple_A_T8_N6_eta1p0_D0_E100000/epsilon_greedy_00/Object_6/episode_2/rollout_data.pickle,36.0,75.0,25.0,3.4090908994059923,8,"[0.0, 12.0, 0.0, 0.0, 0.0, 0.0, 24.0, 0.0]","[100.0, 75.0, 75.0, 75.0, 75.0, 75.0, 25.0, 25.0]","[1.7045454539401472, 2.9220779197061053, 5.113636356372676, 5.113636356372676, 5.113636356372676, 5.113636356372676, 3.4090908994059923, 3.4090908994059923]",True,boundary_uniform,0,simple_A,6,8,100000,conditional_diffusion,epsilon_greedy_00,0,0.0,0.0,0.0,0.0
eta_1p0_delta_0,1.0,0,/home/dev/workspace/dataset/nedo_dismantling_log/eval/unet_D64_T1000_S20_simple_20260504_204421/simple_A_T8_N6_eta1p0_D0_E100000/epsilon_greedy_00/condition_metadata.yaml,Object_6,3,/home/dev/workspace/dataset/nedo_dismantling_log/eval/unet_D64_T1000_S20_simple_20260504_204421/simple_A_T8_N6_eta1p0_D0_E100000/epsilon_greedy_00/Object_6/episode_3/rollout_data.pickle,48.0,100.0,0.0,0.0,8,"[0.0, 24.0, 0.0, 24.0, 0.0, 0.0, 0.0, 0.0]","[100.0, 50.0, 50.0, 0.0, 0.0, 0.0, 0.0, 0.0]","[1.7045454539401472, 2.2727272705750687, 4.54545453684573, 0.0, 0.0, 0.0, 0.0, 0.0]",True,boundary_uniform,0,simple_A,6,8,100000,conditional_diffusion,epsilon_greedy_00,0,0.0,0.0,0.0,0.0
eta_1p0_delta_0,1.0,0,/home/dev/workspace/dataset/nedo_dismantling_log/eval/unet_D64_T1000_S20_simple_20260504_204421/simple_A_T8_N6_eta1p0_D0_E100000/epsilon_greedy_00/condition_metadata.yaml,Object_6,4,/home/dev/workspace/dataset/nedo_dismantling_log/eval/unet_D64_T1000_S20_simple_20260504_204421/simple_A_T8_N6_eta1p0_D0_E100000/epsilon_greedy_00/Object_6/episode_4/rollout_data.pickle,48.0,100.0,0.0,0.0,8,"[0.0, 24.0, 0.0, 24.0, 0.0, 0.0, 0.0, 0.0]","[100.0, 50.0, 50.0, 0.0, 0.0, 0.0, 0.0, 0.0]","[1.7045454539401472, 2.2727272705750687, 4.54545453684573, 0.0, 0.0, 0.0, 0.0, 0.0]",True,boundary_uniform,0,simple_A,6,8,100000,conditional_diffusion,epsilon_greedy_00,0,0.0,0.0,0.0,0.0
eta_1p0_delta_0,1.0,0,/home/dev/workspace/dataset/nedo_dismantling_log/eval/unet_D64_T1000_S20_simple_20260504_204421/simple_A_T8_N6_eta1p0_D0_E100000/epsilon_greedy_00/condition_metadata.yaml,Object_6,5,/home/dev/workspace/dataset/nedo_dismantling_log/eval/unet_D64_T1000_S20_simple_20260504_204421/simple_A_T8_N6_eta1p0_D0_E100000/epsilon_greedy_00/Object_6/episode_5/rollout_data.pickle,12.0,25.0,75.0,5.113636356372676,8,"[0.0, 12.0, 0.0, 0.0, 0.0, 0.0, 0.0, 0.0]","[100.0, 75.0, 75.0, 75.0, 75.0, 75.0, 75.0, 75.0]","[1.7045454539401472, 2.9220779197061053, 5.113636356372676, 5.113636356372676, 5.113636356372676, 5.113636356372676, 5.113636356372676, 5.113636356372676]",True,boundary_uniform,0,simple_A,6,8,100000,conditional_diffusion,epsilon_greedy_00,0,0.0,0.0,0.0,0.0
eta_0p0_delta_1,0.0,1,/home/dev/workspace/dataset/nedo_dismantling_log/eval/unet_D64_T1000_S20_simple_20260504_204421/simple_A_T8_N6_eta0p0_D1_E100000/epsilon_greedy_00/condition_metadata.yaml,Object_4,0,/home/dev/workspace/dataset/nedo_dismantling_log/eval/unet_D64_T1000_S20_simple_20260504_204421/simple_A_T8_N6_eta0p0_D1_E100000/epsilon_greedy_00/Object_4/episode_0/rollout_data.pickle,20.0,83.33333333333333,33.33333333333333,24.999999218750027,8,"[0.0, 0.0, 0.0, 0.0, 0.0, 8.0, 0.0, 12.0]","[100.0, 100.0, 100.0, 100.0, 100.0, 66.66666666666666, 66.66666666666666, 33.33333333333333]","[0.937499999633789, 1.874999998535156, 4.687499990844727, 7.499999976562501, 14.99999990625, 19.999999750000004, 24.999999609375006, 24.999999218750027]",True,boundary_uniform,0,simple_A,6,8,100000,conditional_diffusion,epsilon_greedy_00,5,0.75,0.625,1.0,1.0
eta_0p0_delta_1,0.0,1,/home/dev/workspace/dataset/nedo_dismantling_log/eval/unet_D64_T1000_S20_simple_20260504_204421/simple_A_T8_N6_eta0p0_D1_E100000/epsilon_greedy_00/condition_metadata.yaml,Object_4,1,/home/dev/workspace/dataset/nedo_dismantling_log/eval/unet_D64_T1000_S20_simple_20260504_204421/simple_A_T8_N6_eta0p0_D1_E100000/epsilon_greedy_00/Object_4/episode_1/rollout_data.pickle,0.0,0.0,100.0,4.897959173677634,8,"[0.0, 0.0, 0.0, 0.0, 0.0, 0.0, 0.0, 0.0]","[100.0, 100.0, 100.0, 100.0, 100.0, 100.0, 100.0, 100.0]","[0.7812499997456869, 1.3888888880851336, 2.083333331524884, 3.7499999941406252, 3.9999999933333337, 4.285714278061224, 4.285714278061224, 4.897959173677634]",True,boundary_uniform,0,simple_A,6,8,100000,conditional_diffusion,epsilon_greedy_00,4,0.625,0.5,1.0,1.0
eta_0p0_delta_1,0.0,1,/home/dev/workspace/dataset/nedo_dismantling_log/eval/unet_D64_T1000_S20_simple_20260504_204421/simple_A_T8_N6_eta0p0_D1_E100000/epsilon_greedy_00/condition_metadata.yaml,Object_4,2,/home/dev/workspace/dataset/nedo_dismantling_log/eval/unet_D64_T1000_S20_simple_20260504_204421/simple_A_T8_N6_eta0p0_D1_E100000/epsilon_greedy_00/Object_4/episode_2/rollout_data.pickle,6.0,25.0,75.0,21.42857117346939,8,"[0.0, 0.0, 0.0, 0.0, 0.0, 0.0, 0.0, 6.0]","[100.0, 100.0, 100.0, 100.0, 100.0, 100.0, 100.0, 75.0]","[0.8522727269700736, 1.7045454533348399, 3.0303030264768904, 5.5555555426954735, 16.666666550925928, 19.047618896447467, 19.047618896447467, 21.42857117346939]",True,boundary_uniform,0,simple_A,6,8,100000,conditional_diffusion,epsilon_greedy_00,5,0.625,0.625,1.0,1.0
eta_0p0_delta_1,0.0,1,/home/dev/workspace/dataset/nedo_dismantling_log/eval/unet_D64_T1000_S20_simple_20260504_204421/simple_A_T8_N6_eta0p0_D1_E100000/epsilon_greedy_00/condition_metadata.yaml,Object_4,3,/home/dev/workspace/dataset/nedo_dismantling_log/eval/unet_D64_T1000_S20_simple_20260504_204421/simple_A_T8_N6_eta0p0_D1_E100000/epsilon_greedy_00/Object_4/episode_3/rollout_data.pickle,14.0,58.33333333333333,50.0,37.499998828125044,8,"[0.0, 0.0, 0.0, 6.0, 0.0, 0.0, 0.0, 8.0]","[100.0, 100.0, 100.0, 75.0, 75.0, 75.0, 75.0, 50.0]","[0.8522727269700736, 1.9480519464707369, 3.463203458206056, 7.142857114512472, 16.071428427933675, 22.499999718750004, 28.124999560546883, 37.499998828125044]",True,boundary_uniform,0,simple_A,6,8,100000,conditional_diffusion,epsilon_greedy_00,5,0.75,0.625,1.0,1.0
eta_0p0_delta_1,0.0,1,/home/dev/workspace/dataset/nedo_dismantling_log/eval/unet_D64_T1000_S20_simple_20260504_204421/simple_A_T8_N6_eta0p0_D1_E100000/epsilon_greedy_00/condition_metadata.yaml,Object_4,4,/home/dev/workspace/dataset/nedo_dismantling_log/eval/unet_D64_T1000_S20_simple_20260504_204421/simple_A_T8_N6_eta0p0_D1_E100000/epsilon_greedy_00/Object_4/episode_4/rollout_data.pickle,0.0,0.0,100.0,19.999999833333334,8,"[0.0, 0.0, 0.0, 0.0, 0.0, 0.0, 0.0, 0.0]","[100.0, 100.0, 100.0, 100.0, 100.0, 100.0, 100.0, 100.0]","[0.7812499997456869, 1.5624999989827473, 2.7777777745627574, 4.761904752456538, 12.698412631225331, 14.814814723365341, 17.777777646090538, 19.999999833333334]",True,boundary_uniform,0,simple_A,6,8,100000,conditional_diffusion,epsilon_greedy_00,4,0.625,0.5,1.0,1.0
eta_0p0_delta_1,0.0,1,/home/dev/workspace/dataset/nedo_dismantling_log/eval/unet_D64_T1000_S20_simple_20260504_204421/simple_A_T8_N6_eta0p0_D1_E100000/epsilon_greedy_00/condition_metadata.yaml,Object_4,5,/home/dev/workspace/dataset/nedo_dismantling_log/eval/unet_D64_T1000_S20_simple_20260504_204421/simple_A_T8_N6_eta0p0_D1_E100000/epsilon_greedy_00/Object_4/episode_5/rollout_data.pickle,26.0,108.33333333333333,25.0,74.99999062500117,8,"[0.0, 0.0, 0.0, 6.0, 12.0, 8.0, 0.0, 0.0]","[100.0, 100.0, 100.0, 75.0, 37.5, 25.0, 25.0, 25.0]","[0.8522727269700736, 1.51515151419498, 2.4242424217936946, 4.999999986111111, 8.33333325617284, 9.999999833333337, 24.999998958333375, 74.99999062500117]",True,boundary_uniform,0,simple_A,6,8,100000,conditional_diffusion,epsilon_greedy_00,5,0.625,0.625,1.0,1.0
eta_0p0_delta_1,0.0,1,/home/dev/workspace/dataset/nedo_dismantling_log/eval/unet_D64_T1000_S20_simple_20260504_204421/simple_A_T8_N6_eta0p0_D1_E100000/epsilon_greedy_00/condition_metadata.yaml,Object_5,0,/home/dev/workspace/dataset/nedo_dismantling_log/eval/unet_D64_T1000_S20_simple_20260504_204421/simple_A_T8_N6_eta0p0_D1_E100000/epsilon_greedy_00/Object_5/episode_0/rollout_data.pickle,0.0,0.0,100.0,29.99999975,8,"[0.0, 0.0, 0.0, 0.0, 0.0, 0.0, 0.0, 0.0]","[100.0, 100.0, 100.0, 100.0, 100.0, 100.0, 100.0, 100.0]","[1.1718749996185303, 2.343749998474121, 5.357142849170918, 9.523809498614261, 17.14285706122449, 25.714285530612248, 29.99999975, 29.99999975]",True,boundary_uniform,0,simple_A,6,8,100000,conditional_diffusion,epsilon_greedy_00,4,0.625,0.5,1.0,1.0
eta_0p0_delta_1,0.0,1,/home/dev/workspace/dataset/nedo_dismantling_log/eval/unet_D64_T1000_S20_simple_20260504_204421/simple_A_T8_N6_eta0p0_D1_E100000/epsilon_greedy_00/condition_metadata.yaml,Object_5,1,/home/dev/workspace/dataset/nedo_dismantling_log/eval/unet_D64_T1000_S20_simple_20260504_204421/simple_A_T8_N6_eta0p0_D1_E100000/epsilon_greedy_00/Object_5/episode_1/rollout_data.pickle,9.0,25.0,75.0,33.749999578125006,8,"[0.0, 0.0, 9.0, 0.0, 0.0, 0.0, 0.0, 0.0]","[100.0, 100.0, 75.0, 75.0, 75.0, 75.0, 75.0, 75.0]","[1.2784090904551104, 2.9220779197061053, 4.383116876001434, 9.642857108418369, 15.428571340408165, 17.99999988, 22.4999998125, 33.749999578125006]",True,boundary_uniform,0,simple_A,6,8,100000,conditional_diffusion,epsilon_greedy_00,5,0.625,0.625,1.0,1.0
eta_0p0_delta_1,0.0,1,/home/dev/workspace/dataset/nedo_dismantling_log/eval/unet_D64_T1000_S20_simple_20260504_204421/simple_A_T8_N6_eta0p0_D1_E100000/epsilon_greedy_00/condition_metadata.yaml,Object_5,2,/home/dev/workspace/dataset/nedo_dismantling_log/eval/unet_D64_T1000_S20_simple_20260504_204421/simple_A_T8_N6_eta0p0_D1_E100000/epsilon_greedy_00/Object_5/episode_2/rollout_data.pickle,0.0,0.0,100.0,24.99999982638889,8,"[0.0, 0.0, 0.0, 0.0, 0.0, 0.0, 0.0, 0.0]","[100.0, 100.0, 100.0, 100.0, 100.0, 100.0, 100.0, 100.0]","[1.4062499994506836, 2.4999999982638887, 4.444444438957476, 8.888888866941015, 13.33333328395062, 16.666666589506175, 18.74999990234375, 24.99999982638889]",True,boundary_uniform,0,simple_A,6,8,100000,conditional_diffusion,epsilon_greedy_00,5,0.625,0.625,1.0,1.0
eta_0p0_delta_1,0.0,1,/home/dev/workspace/dataset/nedo_dismantling_log/eval/unet_D64_T1000_S20_simple_20260504_204421/simple_A_T8_N6_eta0p0_D1_E100000/epsilon_greedy_00/condition_metadata.yaml,Object_5,3,/home/dev/workspace/dataset/nedo_dismantling_log/eval/unet_D64_T1000_S20_simple_20260504_204421/simple_A_T8_N6_eta0p0_D1_E100000/epsilon_greedy_00/Object_5/episode_3/rollout_data.pickle,18.0,50.0,50.0,59.99999800000006,8,"[0.0, 0.0, 9.0, 0.0, 9.0, 0.0, 0.0, 0.0]","[100.0, 100.0, 75.0, 75.0, 50.0, 50.0, 50.0, 50.0]","[1.2784090904551104, 2.5568181800022596, 3.835227267279507, 7.031249981689454, 18.749999804687505, 29.99999950000001, 35.99999928000002, 59.99999800000006]",True,boundary_uniform,0,simple_A,6,8,100000,conditional_diffusion,epsilon_greedy_00,4,0.5,0.5,1.0,1.0
eta_0p0_delta_1,0.0,1,/home/dev/workspace/dataset/nedo_dismantling_log/eval/unet_D64_T1000_S20_simple_20260504_204421/simple_A_T8_N6_eta0p0_D1_E100000/epsilon_greedy_00/condition_metadata.yaml,Object_5,4,/home/dev/workspace/dataset/nedo_dismantling_log/eval/unet_D64_T1000_S20_simple_20260504_204421/simple_A_T8_N6_eta0p0_D1_E100000/epsilon_greedy_00/Object_5/episode_4/rollout_data.pickle,0.0,0.0,100.0,39.99999955555556,8,"[0.0, 0.0, 0.0, 0.0, 0.0, 0.0, 0.0, 0.0]","[100.0, 100.0, 100.0, 100.0, 100.0, 100.0, 100.0, 100.0]","[1.4062499994506836, 2.812499997802734, 4.499999994375, 14.9999999375, 21.428571301020412, 28.571428344671208, 33.33333302469136, 39.99999955555556]",True,boundary_uniform,0,simple_A,6,8,100000,conditional_diffusion,epsilon_greedy_00,4,0.5,0.5,1.0,1.0
eta_0p0_delta_1,0.0,1,/home/dev/workspace/dataset/nedo_dismantling_log/eval/unet_D64_T1000_S20_simple_20260504_204421/simple_A_T8_N6_eta0p0_D1_E100000/epsilon_greedy_00/condition_metadata.yaml,Object_5,5,/home/dev/workspace/dataset/nedo_dismantling_log/eval/unet_D64_T1000_S20_simple_20260504_204421/simple_A_T8_N6_eta0p0_D1_E100000/epsilon_greedy_00/Object_5/episode_5/rollout_data.pickle,0.0,0.0,100.0,42.85714234693878,8,"[0.0, 0.0, 0.0, 0.0, 0.0, 0.0, 0.0, 0.0]","[100.0, 100.0, 100.0, 100.0, 100.0, 100.0, 100.0, 100.0]","[1.4062499994506836, 2.812499997802734, 4.499999994375, 8.9999999775, 17.99999991, 29.99999975, 34.28571395918368, 42.85714234693878]",True,boundary_uniform,0,simple_A,6,8,100000,conditional_diffusion,epsilon_greedy_00,5,0.75,0.625,1.0,1.0
eta_0p0_delta_1,0.0,1,/home/dev/workspace/dataset/nedo_dismantling_log/eval/unet_D64_T1000_S20_simple_20260504_204421/simple_A_T8_N6_eta0p0_D1_E100000/epsilon_greedy_00/condition_metadata.yaml,Object_6,0,/home/dev/workspace/dataset/nedo_dismantling_log/eval/unet_D64_T1000_S20_simple_20260504_204421/simple_A_T8_N6_eta0p0_D1_E100000/epsilon_greedy_00/Object_6/episode_0/rollout_data.pickle,12.0,25.0,75.0,21.428571301020412,8,"[0.0, 0.0, 0.0, 0.0, 0.0, 12.0, 0.0, 0.0]","[100.0, 100.0, 100.0, 100.0, 100.0, 75.0, 75.0, 75.0]","[1.5624999994913737, 2.272727271651171, 3.4090909066696797, 4.687499995422363, 4.999999994791667, 8.035714267777424, 18.74999990234375, 21.428571301020412]",True,boundary_uniform,0,simple_A,6,8,100000,conditional_diffusion,epsilon_greedy_00,6,0.75,0.75,1.0,1.0
eta_0p0_delta_1,0.0,1,/home/dev/workspace/dataset/nedo_dismantling_log/eval/unet_D64_T1000_S20_simple_20260504_204421/simple_A_T8_N6_eta0p0_D1_E100000/epsilon_greedy_00/condition_metadata.yaml,Object_6,1,/home/dev/workspace/dataset/nedo_dismantling_log/eval/unet_D64_T1000_S20_simple_20260504_204421/simple_A_T8_N6_eta0p0_D1_E100000/epsilon_greedy_00/Object_6/episode_1/rollout_data.pickle,40.0,83.33333333333333,37.5,99.99999444444475,8,"[0.0, 12.0, 0.0, 12.0, 0.0, 0.0, 0.0, 16.0]","[100.0, 75.0, 75.0, 56.25, 56.25, 56.25, 56.25, 37.5]","[1.874999999267578, 3.214285711415816, 5.71428570521542, 14.285714210128496, 25.71428546938776, 59.9999986666667, 74.99999791666673, 99.99999444444475]",True,boundary_uniform,0,simple_A,6,8,100000,conditional_diffusion,epsilon_greedy_00,6,0.75,0.75,1.0,1.0
eta_0p0_delta_1,0.0,1,/home/dev/workspace/dataset/nedo_dismantling_log/eval/unet_D64_T1000_S20_simple_20260504_204421/simple_A_T8_N6_eta0p0_D1_E100000/epsilon_greedy_00/condition_metadata.yaml,Object_6,2,/home/dev/workspace/dataset/nedo_dismantling_log/eval/unet_D64_T1000_S20_simple_20260504_204421/simple_A_T8_N6_eta0p0_D1_E100000/epsilon_greedy_00/Object_6/episode_2/rollout_data.pickle,0.0,0.0,100.0,47.99999952000001,8,"[0.0, 0.0, 0.0, 0.0, 0.0, 0.0, 0.0, 0.0]","[100.0, 100.0, 100.0, 100.0, 100.0, 100.0, 100.0, 100.0]","[1.874999999267578, 3.749999997070312, 7.4999999882812505, 10.714285690369898, 17.142857081632652, 23.99999988, 29.9999998125, 47.99999952000001]",True,boundary_uniform,0,simple_A,6,8,100000,conditional_diffusion,epsilon_greedy_00,6,0.875,0.75,1.0,1.0
eta_0p0_delta_1,0.0,1,/home/dev/workspace/dataset/nedo_dismantling_log/eval/unet_D64_T1000_S20_simple_20260504_204421/simple_A_T8_N6_eta0p0_D1_E100000/epsilon_greedy_00/condition_metadata.yaml,Object_6,3,/home/dev/workspace/dataset/nedo_dismantling_log/eval/unet_D64_T1000_S20_simple_20260504_204421/simple_A_T8_N6_eta0p0_D1_E100000/epsilon_greedy_00/Object_6/episode_3/rollout_data.pickle,0.0,0.0,100.0,23.99999988,8,"[0.0, 0.0, 0.0, 0.0, 0.0, 0.0, 0.0, 0.0]","[100.0, 100.0, 100.0, 100.0, 100.0, 100.0, 100.0, 100.0]","[1.7045454539401472, 2.7272727257231404, 4.285714281887755, 8.571428556122449, 9.999999979166667, 10.666666642962962, 19.999999916666667, 23.99999988]",True,boundary_uniform,0,simple_A,6,8,100000,conditional_diffusion,epsilon_greedy_00,2,0.5,0.25,1.0,1.0
eta_0p0_delta_1,0.0,1,/home/dev/workspace/dataset/nedo_dismantling_log/eval/unet_D64_T1000_S20_simple_20260504_204421/simple_A_T8_N6_eta0p0_D1_E100000/epsilon_greedy_00/condition_metadata.yaml,Object_6,4,/home/dev/workspace/dataset/nedo_dismantling_log/eval/unet_D64_T1000_S20_simple_20260504_204421/simple_A_T8_N6_eta0p0_D1_E100000/epsilon_greedy_00/Object_6/episode_4/rollout_data.pickle,12.0,25.0,75.0,21.428571301020412,8,"[0.0, 0.0, 0.0, 0.0, 0.0, 0.0, 0.0, 12.0]","[100.0, 100.0, 100.0, 100.0, 100.0, 100.0, 100.0, 75.0]","[1.874999999267578, 3.3333333310185185, 5.925925918609968, 8.465608450677939, 12.698412664819013, 17.777777711934156, 22.222222119341563, 21.428571301020412]",True,boundary_uniform,0,simple_A,6,8,100000,conditional_diffusion,epsilon_greedy_00,7,1.0,0.875,1.0,1.0
eta_0p0_delta_1,0.0,1,/home/dev/workspace/dataset/nedo_dismantling_log/eval/unet_D64_T1000_S20_simple_20260504_204421/simple_A_T8_N6_eta0p0_D1_E100000/epsilon_greedy_00/condition_metadata.yaml,Object_6,5,/home/dev/workspace/dataset/nedo_dismantling_log/eval/unet_D64_T1000_S20_simple_20260504_204421/simple_A_T8_N6_eta0p0_D1_E100000/epsilon_greedy_00/Object_6/episode_5/rollout_data.pickle,0.0,0.0,100.0,17.142857081632652,8,"[0.0, 0.0, 0.0, 0.0, 0.0, 0.0, 0.0, 0.0]","[100.0, 100.0, 100.0, 100.0, 100.0, 100.0, 100.0, 100.0]","[1.5624999994913737, 2.4999999986979162, 3.749999997070312, 7.4999999882812505, 8.571428556122449, 13.333333296296296, 15.238095189720333, 17.142857081632652]",True,boundary_uniform,0,simple_A,6,8,100000,conditional_diffusion,epsilon_greedy_00,4,0.5,0.5,1.0,1.0
eta_0p5_delta_1,0.5,1,/home/dev/workspace/dataset/nedo_dismantling_log/eval/unet_D64_T1000_S20_simple_20260504_204421/simple_A_T8_N6_eta0p5_D1_E100000/epsilon_greedy_00/condition_metadata.yaml,Object_4,0,/home/dev/workspace/dataset/nedo_dismantling_log/eval/unet_D64_T1000_S20_simple_20260504_204421/simple_A_T8_N6_eta0p5_D1_E100000/epsilon_greedy_00/Object_4/episode_0/rollout_data.pickle,26.0,108.33333333333333,25.0,49.999995833333685,8,"[0.0, 0.0, 0.0, 6.0, 12.0, 8.0, 0.0, 0.0]","[100.0, 100.0, 100.0, 75.0, 37.5, 25.0, 25.0, 25.0]","[0.937499999633789, 1.874999998535156, 3.333333328703704, 8.333333294753087, 18.74999960937501, 24.999998958333375, 33.33333148148158, 49.999995833333685]",True,boundary_uniform,0,simple_A,6,8,100000,conditional_diffusion,epsilon_greedy_00,6,0.75,0.75,1.0,1.0
eta_0p5_delta_1,0.5,1,/home/dev/workspace/dataset/nedo_dismantling_log/eval/unet_D64_T1000_S20_simple_20260504_204421/simple_A_T8_N6_eta0p5_D1_E100000/epsilon_greedy_00/condition_metadata.yaml,Object_4,1,/home/dev/workspace/dataset/nedo_dismantling_log/eval/unet_D64_T1000_S20_simple_20260504_204421/simple_A_T8_N6_eta0p5_D1_E100000/epsilon_greedy_00/Object_4/episode_1/rollout_data.pickle,0.0,0.0,100.0,28.571428231292522,8,"[0.0, 0.0, 0.0, 0.0, 0.0, 0.0, 0.0, 0.0]","[100.0, 100.0, 100.0, 100.0, 100.0, 100.0, 100.0, 100.0]","[0.7812499997456869, 1.5624999989827473, 3.1249999959309895, 5.357142845184949, 14.285714200680271, 19.999999833333334, 22.857142639455784, 28.571428231292522]",True,boundary_uniform,0,simple_A,6,8,100000,conditional_diffusion,epsilon_greedy_00,4,0.625,0.5,1.0,1.0
eta_0p5_delta_1,0.5,1,/home/dev/workspace/dataset/nedo_dismantling_log/eval/unet_D64_T1000_S20_simple_20260504_204421/simple_A_T8_N6_eta0p5_D1_E100000/epsilon_greedy_00/condition_metadata.yaml,Object_4,2,/home/dev/workspace/dataset/nedo_dismantling_log/eval/unet_D64_T1000_S20_simple_20260504_204421/simple_A_T8_N6_eta0p5_D1_E100000/epsilon_greedy_00/Object_4/episode_2/rollout_data.pickle,8.0,33.33333333333333,66.66666666666666,26.66666622222223,8,"[0.0, 0.0, 0.0, 0.0, 0.0, 0.0, 0.0, 8.0]","[100.0, 100.0, 100.0, 100.0, 100.0, 100.0, 100.0, 66.66666666666666]","[0.8522727269700736, 1.7045454533348399, 3.0303030264768904, 5.5555555426954735, 16.666666550925928, 22.222222016460908, 26.666666370370372, 26.66666622222223]",True,boundary_uniform,0,simple_A,6,8,100000,conditional_diffusion,epsilon_greedy_00,4,0.625,0.5,1.0,1.0
eta_0p5_delta_1,0.5,1,/home/dev/workspace/dataset/nedo_dismantling_log/eval/unet_D64_T1000_S20_simple_20260504_204421/simple_A_T8_N6_eta0p5_D1_E100000/epsilon_greedy_00/condition_metadata.yaml,Object_4,3,/home/dev/workspace/dataset/nedo_dismantling_log/eval/unet_D64_T1000_S20_simple_20260504_204421/simple_A_T8_N6_eta0p5_D1_E100000/epsilon_greedy_00/Object_4/episode_3/rollout_data.pickle,14.0,58.33333333333333,50.0,37.499998828125044,8,"[0.0, 0.0, 0.0, 6.0, 0.0, 0.0, 0.0, 8.0]","[100.0, 100.0, 100.0, 75.0, 75.0, 75.0, 75.0, 50.0]","[0.8522727269700736, 1.9480519464707369, 3.463203458206056, 7.142857114512472, 16.071428427933675, 22.499999718750004, 28.124999560546883, 37.499998828125044]",True,boundary_uniform,0,simple_A,6,8,100000,conditional_diffusion,epsilon_greedy_00,5,0.75,0.625,1.0,1.0
eta_0p5_delta_1,0.5,1,/home/dev/workspace/dataset/nedo_dismantling_log/eval/unet_D64_T1000_S20_simple_20260504_204421/simple_A_T8_N6_eta0p5_D1_E100000/epsilon_greedy_00/condition_metadata.yaml,Object_4,4,/home/dev/workspace/dataset/nedo_dismantling_log/eval/unet_D64_T1000_S20_simple_20260504_204421/simple_A_T8_N6_eta0p5_D1_E100000/epsilon_greedy_00/Object_4/episode_4/rollout_data.pickle,8.0,33.33333333333333,66.66666666666666,49.999998437500054,8,"[0.0, 0.0, 0.0, 0.0, 0.0, 8.0, 0.0, 0.0]","[100.0, 100.0, 100.0, 100.0, 100.0, 66.66666666666666, 66.66666666666666, 66.66666666666666]","[0.7812499997456869, 1.5624999989827473, 2.7777777745627574, 5.5555555426954735, 22.222222016460908, 26.66666622222223, 39.999999000000024, 49.999998437500054]",True,boundary_uniform,0,simple_A,6,8,100000,conditional_diffusion,epsilon_greedy_00,5,0.625,0.625,1.0,1.0
eta_0p5_delta_1,0.5,1,/home/dev/workspace/dataset/nedo_dismantling_log/eval/unet_D64_T1000_S20_simple_20260504_204421/simple_A_T8_N6_eta0p5_D1_E100000/epsilon_greedy_00/condition_metadata.yaml,Object_4,5,/home/dev/workspace/dataset/nedo_dismantling_log/eval/unet_D64_T1000_S20_simple_20260504_204421/simple_A_T8_N6_eta0p5_D1_E100000/epsilon_greedy_00/Object_4/episode_5/rollout_data.pickle,26.0,108.33333333333333,25.0,74.99999062500117,8,"[0.0, 0.0, 0.0, 6.0, 12.0, 8.0, 0.0, 0.0]","[100.0, 100.0, 100.0, 75.0, 37.5, 25.0, 25.0, 25.0]","[0.8522727269700736, 1.51515151419498, 2.4242424217936946, 4.999999986111111, 8.33333325617284, 9.999999833333337, 24.999998958333375, 74.99999062500117]",True,boundary_uniform,0,simple_A,6,8,100000,conditional_diffusion,epsilon_greedy_00,5,0.625,0.625,1.0,1.0
eta_0p5_delta_1,0.5,1,/home/dev/workspace/dataset/nedo_dismantling_log/eval/unet_D64_T1000_S20_simple_20260504_204421/simple_A_T8_N6_eta0p5_D1_E100000/epsilon_greedy_00/condition_metadata.yaml,Object_5,0,/home/dev/workspace/dataset/nedo_dismantling_log/eval/unet_D64_T1000_S20_simple_20260504_204421/simple_A_T8_N6_eta0p5_D1_E100000/epsilon_greedy_00/Object_5/episode_0/rollout_data.pickle,12.0,33.33333333333333,66.66666666666666,24.999999739583338,8,"[0.0, 0.0, 0.0, 0.0, 0.0, 12.0, 0.0, 0.0]","[100.0, 100.0, 100.0, 100.0, 100.0, 66.66666666666666, 66.66666666666666, 66.66666666666666]","[1.1718749996185303, 2.0833333321277006, 3.1249999972873264, 7.031249986267089, 12.499999956597224, 13.333333259259259, 19.999999833333334, 24.999999739583338]",True,boundary_uniform,0,simple_A,6,8,100000,conditional_diffusion,epsilon_greedy_00,5,0.625,0.625,1.0,1.0
eta_0p5_delta_1,0.5,1,/home/dev/workspace/dataset/nedo_dismantling_log/eval/unet_D64_T1000_S20_simple_20260504_204421/simple_A_T8_N6_eta0p5_D1_E100000/epsilon_greedy_00/condition_metadata.yaml,Object_5,1,/home/dev/workspace/dataset/nedo_dismantling_log/eval/unet_D64_T1000_S20_simple_20260504_204421/simple_A_T8_N6_eta0p5_D1_E100000/epsilon_greedy_00/Object_5/episode_1/rollout_data.pickle,21.0,58.33333333333333,50.0,49.99999861111115,8,"[0.0, 0.0, 9.0, 0.0, 0.0, 0.0, 12.0, 0.0]","[100.0, 100.0, 75.0, 75.0, 75.0, 75.0, 50.0, 50.0]","[1.2784090904551104, 2.9220779197061053, 4.383116876001434, 9.642857108418369, 19.285714147959183, 33.749999578125006, 37.49999921875002, 49.99999861111115]",True,boundary_uniform,0,simple_A,6,8,100000,conditional_diffusion,epsilon_greedy_00,5,0.625,0.625,1.0,1.0
eta_0p5_delta_1,0.5,1,/home/dev/workspace/dataset/nedo_dismantling_log/eval/unet_D64_T1000_S20_simple_20260504_204421/simple_A_T8_N6_eta0p5_D1_E100000/epsilon_greedy_00/condition_metadata.yaml,Object_5,2,/home/dev/workspace/dataset/nedo_dismantling_log/eval/unet_D64_T1000_S20_simple_20260504_204421/simple_A_T8_N6_eta0p5_D1_E100000/epsilon_greedy_00/Object_5/episode_2/rollout_data.pickle,0.0,0.0,100.0,29.99999975,8,"[0.0, 0.0, 0.0, 0.0, 0.0, 0.0, 0.0, 0.0]","[100.0, 100.0, 100.0, 100.0, 100.0, 100.0, 100.0, 100.0]","[1.4062499994506836, 2.812499997802734, 4.999999993055555, 9.999999972222222, 17.99999991, 23.99999984, 29.99999975, 29.99999975]",True,boundary_uniform,0,simple_A,6,8,100000,conditional_diffusion,epsilon_greedy_00,4,0.625,0.5,1.0,1.0
eta_0p5_delta_1,0.5,1,/home/dev/workspace/dataset/nedo_dismantling_log/eval/unet_D64_T1000_S20_simple_20260504_204421/simple_A_T8_N6_eta0p5_D1_E100000/epsilon_greedy_00/condition_metadata.yaml,Object_5,3,/home/dev/workspace/dataset/nedo_dismantling_log/eval/unet_D64_T1000_S20_simple_20260504_204421/simple_A_T8_N6_eta0p5_D1_E100000/epsilon_greedy_00/Object_5/episode_3/rollout_data.pickle,18.0,50.0,50.0,74.99999687500014,8,"[0.0, 0.0, 9.0, 0.0, 9.0, 0.0, 0.0, 0.0]","[100.0, 100.0, 75.0, 75.0, 50.0, 50.0, 50.0, 50.0]","[1.2784090904551104, 2.9220779197061053, 4.383116876001434, 8.03571426179847, 21.42857117346939, 37.49999921875002, 56.24999824218756, 74.99999687500014]",True,boundary_uniform,0,simple_A,6,8,100000,conditional_diffusion,epsilon_greedy_00,4,0.5,0.5,1.0,1.0
eta_0p5_delta_1,0.5,1,/home/dev/workspace/dataset/nedo_dismantling_log/eval/unet_D64_T1000_S20_simple_20260504_204421/simple_A_T8_N6_eta0p5_D1_E100000/epsilon_greedy_00/condition_metadata.yaml,Object_5,4,/home/dev/workspace/dataset/nedo_dismantling_log/eval/unet_D64_T1000_S20_simple_20260504_204421/simple_A_T8_N6_eta0p5_D1_E100000/epsilon_greedy_00/Object_5/episode_4/rollout_data.pickle,0.0,0.0,100.0,49.99999930555556,8,"[0.0, 0.0, 0.0, 0.0, 0.0, 0.0, 0.0, 0.0]","[100.0, 100.0, 100.0, 100.0, 100.0, 100.0, 100.0, 100.0]","[1.4062499994506836, 2.812499997802734, 4.499999994375, 14.9999999375, 21.428571301020412, 28.571428344671208, 39.99999955555556, 49.99999930555556]",True,boundary_uniform,0,simple_A,6,8,100000,conditional_diffusion,epsilon_greedy_00,4,0.5,0.5,1.0,1.0
eta_0p5_delta_1,0.5,1,/home/dev/workspace/dataset/nedo_dismantling_log/eval/unet_D64_T1000_S20_simple_20260504_204421/simple_A_T8_N6_eta0p5_D1_E100000/epsilon_greedy_00/condition_metadata.yaml,Object_5,5,/home/dev/workspace/dataset/nedo_dismantling_log/eval/unet_D64_T1000_S20_simple_20260504_204421/simple_A_T8_N6_eta0p5_D1_E100000/epsilon_greedy_00/Object_5/episode_5/rollout_data.pickle,21.0,58.33333333333333,50.0,49.99999861111115,8,"[0.0, 0.0, 0.0, 0.0, 9.0, 12.0, 0.0, 0.0]","[100.0, 100.0, 100.0, 100.0, 75.0, 50.0, 50.0, 50.0]","[1.4062499994506836, 2.812499997802734, 4.499999994375, 8.9999999775, 16.87499989453125, 29.99999950000001, 37.49999921875002, 49.99999861111115]",True,boundary_uniform,0,simple_A,6,8,100000,conditional_diffusion,epsilon_greedy_00,6,0.75,0.75,1.0,1.0
eta_0p5_delta_1,0.5,1,/home/dev/workspace/dataset/nedo_dismantling_log/eval/unet_D64_T1000_S20_simple_20260504_204421/simple_A_T8_N6_eta0p5_D1_E100000/epsilon_greedy_00/condition_metadata.yaml,Object_6,0,/home/dev/workspace/dataset/nedo_dismantling_log/eval/unet_D64_T1000_S20_simple_20260504_204421/simple_A_T8_N6_eta0p5_D1_E100000/epsilon_greedy_00/Object_6/episode_0/rollout_data.pickle,0.0,0.0,100.0,23.99999988,8,"[0.0, 0.0, 0.0, 0.0, 0.0, 0.0, 0.0, 0.0]","[100.0, 100.0, 100.0, 100.0, 100.0, 100.0, 100.0, 100.0]","[1.5624999994913737, 2.4999999986979162, 4.444444440329217, 7.407407395976223, 11.111111085390947, 14.285714243197278, 17.142857081632652, 23.99999988]",True,boundary_uniform,0,simple_A,6,8,100000,conditional_diffusion,epsilon_greedy_00,5,0.75,0.625,1.0,1.0
eta_0p5_delta_1,0.5,1,/home/dev/workspace/dataset/nedo_dismantling_log/eval/unet_D64_T1000_S20_simple_20260504_204421/simple_A_T8_N6_eta0p5_D1_E100000/epsilon_greedy_00/condition_metadata.yaml,Object_6,1,/home/dev/workspace/dataset/nedo_dismantling_log/eval/unet_D64_T1000_S20_simple_20260504_204421/simple_A_T8_N6_eta0p5_D1_E100000/epsilon_greedy_00/Object_6/episode_1/rollout_data.pickle,40.0,83.33333333333333,37.5,99.99999444444475,8,"[0.0, 12.0, 0.0, 12.0, 0.0, 0.0, 0.0, 16.0]","[100.0, 75.0, 75.0, 56.25, 56.25, 56.25, 56.25, 37.5]","[1.874999999267578, 3.214285711415816, 5.71428570521542, 14.285714210128496, 25.71428546938776, 59.9999986666667, 74.99999791666673, 99.99999444444475]",True,boundary_uniform,0,simple_A,6,8,100000,conditional_diffusion,epsilon_greedy_00,6,0.75,0.75,1.0,1.0
eta_0p5_delta_1,0.5,1,/home/dev/workspace/dataset/nedo_dismantling_log/eval/unet_D64_T1000_S20_simple_20260504_204421/simple_A_T8_N6_eta0p5_D1_E100000/epsilon_greedy_00/condition_metadata.yaml,Object_6,2,/home/dev/workspace/dataset/nedo_dismantling_log/eval/unet_D64_T1000_S20_simple_20260504_204421/simple_A_T8_N6_eta0p5_D1_E100000/epsilon_greedy_00/Object_6/episode_2/rollout_data.pickle,16.0,33.33333333333333,66.66666666666666,79.99999800000005,8,"[0.0, 0.0, 0.0, 0.0, 0.0, 0.0, 0.0, 16.0]","[100.0, 100.0, 100.0, 100.0, 100.0, 100.0, 100.0, 66.66666666666666]","[1.874999999267578, 3.749999997070312, 7.4999999882812505, 14.999999953125002, 29.9999998125, 47.99999952000001, 59.999999250000016, 79.99999800000005]",True,boundary_uniform,0,simple_A,6,8,100000,conditional_diffusion,epsilon_greedy_00,6,0.875,0.75,1.0,1.0
eta_0p5_delta_1,0.5,1,/home/dev/workspace/dataset/nedo_dismantling_log/eval/unet_D64_T1000_S20_simple_20260504_204421/simple_A_T8_N6_eta0p5_D1_E100000/epsilon_greedy_00/condition_metadata.yaml,Object_6,3,/home/dev/workspace/dataset/nedo_dismantling_log/eval/unet_D64_T1000_S20_simple_20260504_204421/simple_A_T8_N6_eta0p5_D1_E100000/epsilon_greedy_00/Object_6/episode_3/rollout_data.pickle,40.0,83.33333333333333,33.33333333333333,66.666663888889,8,"[0.0, 0.0, 0.0, 16.0, 12.0, 12.0, 0.0, 0.0]","[100.0, 100.0, 100.0, 66.66666666666666, 50.0, 33.33333333333333, 33.33333333333333, 33.33333333333333]","[1.7045454539401472, 3.03030302838996, 4.76190475718065, 9.523809495464853, 16.326530501180063, 38.09523718820864, 53.33333155555561, 66.666663888889]",True,boundary_uniform,0,simple_A,6,8,100000,conditional_diffusion,epsilon_greedy_00,4,0.5,0.5,1.0,1.0
eta_0p5_delta_1,0.5,1,/home/dev/workspace/dataset/nedo_dismantling_log/eval/unet_D64_T1000_S20_simple_20260504_204421/simple_A_T8_N6_eta0p5_D1_E100000/epsilon_greedy_00/condition_metadata.yaml,Object_6,4,/home/dev/workspace/dataset/nedo_dismantling_log/eval/unet_D64_T1000_S20_simple_20260504_204421/simple_A_T8_N6_eta0p5_D1_E100000/epsilon_greedy_00/Object_6/episode_4/rollout_data.pickle,12.0,25.0,75.0,44.99999943750001,8,"[0.0, 0.0, 0.0, 0.0, 0.0, 0.0, 0.0, 12.0]","[100.0, 100.0, 100.0, 100.0, 100.0, 100.0, 100.0, 75.0]","[1.874999999267578, 3.3333333310185185, 6.666666657407408, 13.333333296296296, 21.33333323851852, 31.999999786666667, 39.99999966666667, 44.99999943750001]",True,boundary_uniform,0,simple_A,6,8,100000,conditional_diffusion,epsilon_greedy_00,7,1.0,0.875,1.0,1.0
eta_0p5_delta_1,0.5,1,/home/dev/workspace/dataset/nedo_dismantling_log/eval/unet_D64_T1000_S20_simple_20260504_204421/simple_A_T8_N6_eta0p5_D1_E100000/epsilon_greedy_00/condition_metadata.yaml,Object_6,5,/home/dev/workspace/dataset/nedo_dismantling_log/eval/unet_D64_T1000_S20_simple_20260504_204421/simple_A_T8_N6_eta0p5_D1_E100000/epsilon_greedy_00/Object_6/episode_5/rollout_data.pickle,28.0,58.33333333333333,50.0,66.66666481481487,8,"[0.0, 0.0, 0.0, 16.0, 0.0, 0.0, 12.0, 0.0]","[100.0, 100.0, 100.0, 66.66666666666666, 66.66666666666666, 66.66666666666666, 50.0, 50.0]","[1.5624999994913737, 2.777777776170267, 4.76190475718065, 9.523809495464853, 19.047618934240365, 38.095237641723365, 49.99999895833336, 66.66666481481487]",True,boundary_uniform,0,simple_A,6,8,100000,conditional_diffusion,epsilon_greedy_00,3,0.5,0.375,1.0,1.0
eta_1p0_delta_1,1.0,1,/home/dev/workspace/dataset/nedo_dismantling_log/eval/unet_D64_T1000_S20_simple_20260504_204421/simple_A_T8_N6_eta1p0_D1_E100000/epsilon_greedy_00/condition_metadata.yaml,Object_4,0,/home/dev/workspace/dataset/nedo_dismantling_log/eval/unet_D64_T1000_S20_simple_20260504_204421/simple_A_T8_N6_eta1p0_D1_E100000/epsilon_greedy_00/Object_4/episode_0/rollout_data.pickle,6.0,25.0,75.0,12.499999913194445,8,"[0.0, 0.0, 0.0, 6.0, 0.0, 0.0, 0.0, 0.0]","[100.0, 100.0, 100.0, 75.0, 75.0, 75.0, 75.0, 75.0]","[0.937499999633789, 2.4999999973958333, 4.999999989583333, 12.499999913194445, 12.499999913194445, 12.499999913194445, 12.499999913194445, 12.499999913194445]",True,boundary_uniform,0,simple_A,6,8,100000,conditional_diffusion,epsilon_greedy_00,2,0.75,0.25,1.0,1.0
eta_1p0_delta_1,1.0,1,/home/dev/workspace/dataset/nedo_dismantling_log/eval/unet_D64_T1000_S20_simple_20260504_204421/simple_A_T8_N6_eta1p0_D1_E100000/epsilon_greedy_00/condition_metadata.yaml,Object_4,1,/home/dev/workspace/dataset/nedo_dismantling_log/eval/unet_D64_T1000_S20_simple_20260504_204421/simple_A_T8_N6_eta1p0_D1_E100000/epsilon_greedy_00/Object_4/episode_1/rollout_data.pickle,12.0,50.0,50.0,3.124999991861979,8,"[0.0, 12.0, 0.0, 0.0, 0.0, 0.0, 0.0, 0.0]","[100.0, 50.0, 50.0, 50.0, 50.0, 50.0, 50.0, 50.0]","[0.7812499997456869, 0.8928571421928145, 3.124999991861979, 3.124999991861979, 3.124999991861979, 3.124999991861979, 3.124999991861979, 3.124999991861979]",True,boundary_uniform,0,simple_A,6,8,100000,conditional_diffusion,epsilon_greedy_00,5,0.625,0.625,1.0,1.0
eta_1p0_delta_1,1.0,1,/home/dev/workspace/dataset/nedo_dismantling_log/eval/unet_D64_T1000_S20_simple_20260504_204421/simple_A_T8_N6_eta1p0_D1_E100000/epsilon_greedy_00/condition_metadata.yaml,Object_4,2,/home/dev/workspace/dataset/nedo_dismantling_log/eval/unet_D64_T1000_S20_simple_20260504_204421/simple_A_T8_N6_eta1p0_D1_E100000/epsilon_greedy_00/Object_4/episode_2/rollout_data.pickle,36.0,150.0,0.0,0.0,8,"[0.0, 0.0, 0.0, 0.0, 0.0, 24.0, 0.0, 12.0]","[100.0, 100.0, 100.0, 100.0, 100.0, 0.0, 0.0, 0.0]","[0.8522727269700736, 2.2727272705750687, 4.54545453684573, 8.333333304398147, 33.33333287037038, 0.0, 0.0, 0.0]",True,boundary_uniform,0,simple_A,6,8,100000,conditional_diffusion,epsilon_greedy_00,5,0.625,0.625,1.0,1.0
eta_1p0_delta_1,1.0,1,/home/dev/workspace/dataset/nedo_dismantling_log/eval/unet_D64_T1000_S20_simple_20260504_204421/simple_A_T8_N6_eta1p0_D1_E100000/epsilon_greedy_00/condition_metadata.yaml,Object_4,3,/home/dev/workspace/dataset/nedo_dismantling_log/eval/unet_D64_T1000_S20_simple_20260504_204421/simple_A_T8_N6_eta1p0_D1_E100000/epsilon_greedy_00/Object_4/episode_3/rollout_data.pickle,8.0,33.33333333333333,66.66666666666666,4.5454545325413225,8,"[0.0, 8.0, 0.0, 0.0, 0.0, 0.0, 0.0, 0.0]","[100.0, 66.66666666666666, 66.66666666666666, 66.66666666666666, 66.66666666666666, 66.66666666666666, 66.66666666666666, 66.66666666666666]","[0.8522727269700736, 1.8181818161157024, 4.5454545325413225, 4.5454545325413225, 4.5454545325413225, 4.5454545325413225, 4.5454545325413225, 4.5454545325413225]",True,boundary_uniform,0,simple_A,6,8,100000,conditional_diffusion,epsilon_greedy_00,4,0.75,0.5,1.0,1.0
eta_1p0_delta_1,1.0,1,/home/dev/workspace/dataset/nedo_dismantling_log/eval/unet_D64_T1000_S20_simple_20260504_204421/simple_A_T8_N6_eta1p0_D1_E100000/epsilon_greedy_00/condition_metadata.yaml,Object_4,4,/home/dev/workspace/dataset/nedo_dismantling_log/eval/unet_D64_T1000_S20_simple_20260504_204421/simple_A_T8_N6_eta1p0_D1_E100000/epsilon_greedy_00/Object_4/episode_4/rollout_data.pickle,0.0,0.0,100.0,49.99999895833336,8,"[0.0, 0.0, 0.0, 0.0, 0.0, 0.0, 0.0, 0.0]","[100.0, 100.0, 100.0, 100.0, 100.0, 100.0, 100.0, 100.0]","[0.7812499997456869, 2.083333331524884, 3.7037036979881117, 7.407407384545039, 22.222222016460908, 26.666666370370372, 33.33333287037038, 49.99999895833336]",True,boundary_uniform,0,simple_A,6,8,100000,conditional_diffusion,epsilon_greedy_00,5,0.625,0.625,1.0,1.0
eta_1p0_delta_1,1.0,1,/home/dev/workspace/dataset/nedo_dismantling_log/eval/unet_D64_T1000_S20_simple_20260504_204421/simple_A_T8_N6_eta1p0_D1_E100000/epsilon_greedy_00/condition_metadata.yaml,Object_4,5,/home/dev/workspace/dataset/nedo_dismantling_log/eval/unet_D64_T1000_S20_simple_20260504_204421/simple_A_T8_N6_eta1p0_D1_E100000/epsilon_greedy_00/Object_4/episode_5/rollout_data.pickle,24.0,100.0,0.0,0.0,8,"[0.0, 0.0, 24.0, 0.0, 0.0, 0.0, 0.0, 0.0]","[100.0, 100.0, 0.0, 0.0, 0.0, 0.0, 0.0, 0.0]","[0.8522727269700736, 1.7045454533348399, 0.0, 0.0, 0.0, 0.0, 0.0, 0.0]",True,boundary_uniform,0,simple_A,6,8,100000,conditional_diffusion,epsilon_greedy_00,3,0.625,0.375,1.0,1.0
eta_1p0_delta_1,1.0,1,/home/dev/workspace/dataset/nedo_dismantling_log/eval/unet_D64_T1000_S20_simple_20260504_204421/simple_A_T8_N6_eta1p0_D1_E100000/epsilon_greedy_00/condition_metadata.yaml,Object_5,0,/home/dev/workspace/dataset/nedo_dismantling_log/eval/unet_D64_T1000_S20_simple_20260504_204421/simple_A_T8_N6_eta1p0_D1_E100000/epsilon_greedy_00/Object_5/episode_0/rollout_data.pickle,24.0,66.66666666666666,33.33333333333333,6.249999967447916,8,"[0.0, 12.0, 0.0, 12.0, 0.0, 0.0, 0.0, 0.0]","[100.0, 66.66666666666666, 66.66666666666666, 33.33333333333333, 33.33333333333333, 33.33333333333333, 33.33333333333333, 33.33333333333333]","[1.1718749996185303, 2.083333331524884, 4.16666665943287, 3.124999991861979, 6.249999967447916, 6.249999967447916, 6.249999967447916, 6.249999967447916]",True,boundary_uniform,0,simple_A,6,8,100000,conditional_diffusion,epsilon_greedy_00,5,0.625,0.625,1.0,1.0
eta_1p0_delta_1,1.0,1,/home/dev/workspace/dataset/nedo_dismantling_log/eval/unet_D64_T1000_S20_simple_20260504_204421/simple_A_T8_N6_eta1p0_D1_E100000/epsilon_greedy_00/condition_metadata.yaml,Object_5,1,/home/dev/workspace/dataset/nedo_dismantling_log/eval/unet_D64_T1000_S20_simple_20260504_204421/simple_A_T8_N6_eta1p0_D1_E100000/epsilon_greedy_00/Object_5/episode_1/rollout_data.pickle,36.0,99.99999999999999,0.0,0.0,8,"[0.0, 24.0, 0.0, 0.0, 0.0, 0.0, 12.0, 0.0]","[100.0, 33.33333333333333, 33.33333333333333, 33.33333333333333, 33.33333333333333, 33.33333333333333, 0.0, 0.0]","[1.2784090904551104, 1.3636363620867769, 2.272727268422865, 3.4090908994059923, 6.818181779442149, 6.818181779442149, 0.0, 0.0]",True,boundary_uniform,0,simple_A,6,8,100000,conditional_diffusion,epsilon_greedy_00,3,0.625,0.375,1.0,1.0
eta_1p0_delta_1,1.0,1,/home/dev/workspace/dataset/nedo_dismantling_log/eval/unet_D64_T1000_S20_simple_20260504_204421/simple_A_T8_N6_eta1p0_D1_E100000/epsilon_greedy_00/condition_metadata.yaml,Object_5,2,/home/dev/workspace/dataset/nedo_dismantling_log/eval/unet_D64_T1000_S20_simple_20260504_204421/simple_A_T8_N6_eta1p0_D1_E100000/epsilon_greedy_00/Object_5/episode_2/rollout_data.pickle,33.0,91.66666666666666,25.0,11.249999859375002,8,"[0.0, 0.0, 9.0, 0.0, 24.0, 0.0, 0.0, 0.0]","[100.0, 100.0, 75.0, 75.0, 25.0, 25.0, 25.0, 25.0]","[1.4062499994506836, 2.812499997802734, 4.218749993408203, 8.437499973632812, 11.249999859375002, 11.249999859375002, 11.249999859375002, 11.249999859375002]",True,boundary_uniform,0,simple_A,6,8,100000,conditional_diffusion,epsilon_greedy_00,4,0.625,0.5,1.0,1.0
eta_1p0_delta_1,1.0,1,/home/dev/workspace/dataset/nedo_dismantling_log/eval/unet_D64_T1000_S20_simple_20260504_204421/simple_A_T8_N6_eta1p0_D1_E100000/epsilon_greedy_00/condition_metadata.yaml,Object_5,3,/home/dev/workspace/dataset/nedo_dismantling_log/eval/unet_D64_T1000_S20_simple_20260504_204421/simple_A_T8_N6_eta1p0_D1_E100000/epsilon_greedy_00/Object_5/episode_3/rollout_data.pickle,36.0,100.0,0.0,0.0,8,"[0.0, 0.0, 18.0, 0.0, 9.0, 9.0, 0.0, 0.0]","[100.0, 100.0, 50.0, 50.0, 25.0, 0.0, 0.0, 0.0]","[1.2784090904551104, 2.9220779197061053, 3.3395176190361453, 7.792207758475291, 11.688311536515435, 0.0, 0.0, 0.0]",True,boundary_uniform,0,simple_A,6,8,100000,conditional_diffusion,epsilon_greedy_00,3,0.5,0.375,1.0,1.0
eta_1p0_delta_1,1.0,1,/home/dev/workspace/dataset/nedo_dismantling_log/eval/unet_D64_T1000_S20_simple_20260504_204421/simple_A_T8_N6_eta1p0_D1_E100000/epsilon_greedy_00/condition_metadata.yaml,Object_5,4,/home/dev/workspace/dataset/nedo_dismantling_log/eval/unet_D64_T1000_S20_simple_20260504_204421/simple_A_T8_N6_eta1p0_D1_E100000/epsilon_greedy_00/Object_5/episode_4/rollout_data.pickle,12.0,33.33333333333333,66.66666666666666,7.499999976562501,8,"[0.0, 12.0, 0.0, 0.0, 0.0, 0.0, 0.0, 0.0]","[100.0, 66.66666666666666, 66.66666666666666, 66.66666666666666, 66.66666666666666, 66.66666666666666, 66.66666666666666, 66.66666666666666]","[1.4062499994506836, 2.4999999973958333, 7.499999976562501, 7.499999976562501, 7.499999976562501, 7.499999976562501, 7.499999976562501, 7.499999976562501]",True,boundary_uniform,0,simple_A,6,8,100000,conditional_diffusion,epsilon_greedy_00,3,0.5,0.375,1.0,1.0
eta_1p0_delta_1,1.0,1,/home/dev/workspace/dataset/nedo_dismantling_log/eval/unet_D64_T1000_S20_simple_20260504_204421/simple_A_T8_N6_eta1p0_D1_E100000/epsilon_greedy_00/condition_metadata.yaml,Object_5,5,/home/dev/workspace/dataset/nedo_dismantling_log/eval/unet_D64_T1000_S20_simple_20260504_204421/simple_A_T8_N6_eta1p0_D1_E100000/epsilon_greedy_00/Object_5/episode_5/rollout_data.pickle,12.0,33.33333333333333,66.66666666666666,7.499999976562501,8,"[0.0, 12.0, 0.0, 0.0, 0.0, 0.0, 0.0, 0.0]","[100.0, 66.66666666666666, 66.66666666666666, 66.66666666666666, 66.66666666666666, 66.66666666666666, 66.66666666666666, 66.66666666666666]","[1.4062499994506836, 2.4999999973958333, 7.499999976562501, 7.499999976562501, 7.499999976562501, 7.499999976562501, 7.499999976562501, 7.499999976562501]",True,boundary_uniform,0,simple_A,6,8,100000,conditional_diffusion,epsilon_greedy_00,4,0.75,0.5,1.0,1.0
eta_1p0_delta_1,1.0,1,/home/dev/workspace/dataset/nedo_dismantling_log/eval/unet_D64_T1000_S20_simple_20260504_204421/simple_A_T8_N6_eta1p0_D1_E100000/epsilon_greedy_00/condition_metadata.yaml,Object_6,0,/home/dev/workspace/dataset/nedo_dismantling_log/eval/unet_D64_T1000_S20_simple_20260504_204421/simple_A_T8_N6_eta1p0_D1_E100000/epsilon_greedy_00/Object_6/episode_0/rollout_data.pickle,12.0,25.0,75.0,4.687499993896484,8,"[0.0, 12.0, 0.0, 0.0, 0.0, 0.0, 0.0, 0.0]","[100.0, 75.0, 75.0, 75.0, 75.0, 75.0, 75.0, 75.0]","[1.5624999994913737, 2.678571426578444, 4.687499993896484, 4.687499993896484, 4.687499993896484, 4.687499993896484, 4.687499993896484, 4.687499993896484]",True,boundary_uniform,0,simple_A,6,8,100000,conditional_diffusion,epsilon_greedy_00,4,0.75,0.5,1.0,1.0
eta_1p0_delta_1,1.0,1,/home/dev/workspace/dataset/nedo_dismantling_log/eval/unet_D64_T1000_S20_simple_20260504_204421/simple_A_T8_N6_eta1p0_D1_E100000/epsilon_greedy_00/condition_metadata.yaml,Object_6,1,/home/dev/workspace/dataset/nedo_dismantling_log/eval/unet_D64_T1000_S20_simple_20260504_204421/simple_A_T8_N6_eta1p0_D1_E100000/epsilon_greedy_00/Object_6/episode_1/rollout_data.pickle,60.0,125.0,0.0,0.0,8,"[0.0, 24.0, 12.0, 24.0, 0.0, 0.0, 0.0, 0.0]","[100.0, 50.0, 25.0, 0.0, 0.0, 0.0, 0.0, 0.0]","[1.874999999267578, 2.4999999973958333, 7.499999953125, 0.0, 0.0, 0.0, 0.0, 0.0]",True,boundary_uniform,0,simple_A,6,8,100000,conditional_diffusion,epsilon_greedy_00,5,0.75,0.625,1.0,1.0
eta_1p0_delta_1,1.0,1,/home/dev/workspace/dataset/nedo_dismantling_log/eval/unet_D64_T1000_S20_simple_20260504_204421/simple_A_T8_N6_eta1p0_D1_E100000/epsilon_greedy_00/condition_metadata.yaml,Object_6,2,/home/dev/workspace/dataset/nedo_dismantling_log/eval/unet_D64_T1000_S20_simple_20260504_204421/simple_A_T8_N6_eta1p0_D1_E100000/epsilon_greedy_00/Object_6/episode_2/rollout_data.pickle,48.0,100.0,0.0,0.0,8,"[0.0, 12.0, 0.0, 36.0, 0.0, 0.0, 0.0, 0.0]","[100.0, 75.0, 75.0, 0.0, 0.0, 0.0, 0.0, 0.0]","[1.874999999267578, 3.214285711415816, 5.624999991210937, 0.0, 0.0, 0.0, 0.0, 0.0]",True,boundary_uniform,0,simple_A,6,8,100000,conditional_diffusion,epsilon_greedy_00,5,0.875,0.625,1.0,1.0
eta_1p0_delta_1,1.0,1,/home/dev/workspace/dataset/nedo_dismantling_log/eval/unet_D64_T1000_S20_simple_20260504_204421/simple_A_T8_N6_eta1p0_D1_E100000/epsilon_greedy_00/condition_metadata.yaml,Object_6,3,/home/dev/workspace/dataset/nedo_dismantling_log/eval/unet_D64_T1000_S20_simple_20260504_204421/simple_A_T8_N6_eta1p0_D1_E100000/epsilon_greedy_00/Object_6/episode_3/rollout_data.pickle,24.0,50.0,50.0,6.818181798811985,8,"[0.0, 24.0, 0.0, 0.0, 0.0, 0.0, 0.0, 0.0]","[100.0, 50.0, 50.0, 50.0, 50.0, 50.0, 50.0, 50.0]","[1.7045454539401472, 2.2727272705750687, 3.4090909042484503, 6.818181798811985, 6.818181798811985, 6.818181798811985, 6.818181798811985, 6.818181798811985]",True,boundary_uniform,0,simple_A,6,8,100000,conditional_diffusion,epsilon_greedy_00,3,0.5,0.375,1.0,1.0
eta_1p0_delta_1,1.0,1,/home/dev/workspace/dataset/nedo_dismantling_log/eval/unet_D64_T1000_S20_simple_20260504_204421/simple_A_T8_N6_eta1p0_D1_E100000/epsilon_greedy_00/condition_metadata.yaml,Object_6,4,/home/dev/workspace/dataset/nedo_dismantling_log/eval/unet_D64_T1000_S20_simple_20260504_204421/simple_A_T8_N6_eta1p0_D1_E100000/epsilon_greedy_00/Object_6/episode_4/rollout_data.pickle,48.0,99.99999999999999,0.0,0.0,8,"[0.0, 0.0, 16.0, 0.0, 0.0, 0.0, 16.0, 16.0]","[100.0, 100.0, 66.66666666666666, 66.66666666666666, 66.66666666666666, 66.66666666666666, 33.33333333333333, 0.0]","[1.874999999267578, 3.749999997070312, 5.714285704081632, 13.333333277777779, 19.999999875, 19.999999875, 19.999999750000004, 0.0]",True,boundary_uniform,0,simple_A,6,8,100000,conditional_diffusion,epsilon_greedy_00,5,1.0,0.625,1.0,1.0
eta_1p0_delta_1,1.0,1,/home/dev/workspace/dataset/nedo_dismantling_log/eval/unet_D64_T1000_S20_simple_20260504_204421/simple_A_T8_N6_eta1p0_D1_E100000/epsilon_greedy_00/condition_metadata.yaml,Object_6,5,/home/dev/workspace/dataset/nedo_dismantling_log/eval/unet_D64_T1000_S20_simple_20260504_204421/simple_A_T8_N6_eta1p0_D1_E100000/epsilon_greedy_00/Object_6/episode_5/rollout_data.pickle,48.0,100.0,0.0,0.0,8,"[0.0, 24.0, 0.0, 12.0, 0.0, 12.0, 0.0, 0.0]","[100.0, 50.0, 50.0, 25.0, 25.0, 0.0, 0.0, 0.0]","[1.5624999994913737, 2.083333331524884, 4.16666665943287, 6.249999967447916, 6.249999967447916, 0.0, 0.0, 0.0]",True,boundary_uniform,0,simple_A,6,8,100000,conditional_diffusion,epsilon_greedy_00,4,0.5,0.5,1.0,1.0
eta_0p0_delta_2,0.0,2,/home/dev/workspace/dataset/nedo_dismantling_log/eval/unet_D64_T1000_S20_simple_20260504_204421/simple_A_T8_N6_eta0p0_D2_E100000/epsilon_greedy_00/condition_metadata.yaml,Object_4,0,/home/dev/workspace/dataset/nedo_dismantling_log/eval/unet_D64_T1000_S20_simple_20260504_204421/simple_A_T8_N6_eta0p0_D2_E100000/epsilon_greedy_00/Object_4/episode_0/rollout_data.pickle,48.0,200.0,0.0,0.0,8,"[6.0, 8.0, 0.0, 6.0, 12.0, 16.0, 0.0, 0.0]","[75.0, 50.0, 50.0, 33.33333333333333, 16.666666666666664, 0.0, 0.0, 0.0]","[0.7812499996609159, 1.666666664351852, 3.333333324074074, 9.999999875000002, 39.9999960000004, 0.0, 0.0, 0.0]",True,boundary_uniform,0,simple_A,6,8,100000,conditional_diffusion,epsilon_greedy_00,5,1.375,0.875,2.0,2.0
eta_0p0_delta_2,0.0,2,/home/dev/workspace/dataset/nedo_dismantling_log/eval/unet_D64_T1000_S20_simple_20260504_204421/simple_A_T8_N6_eta0p0_D2_E100000/epsilon_greedy_00/condition_metadata.yaml,Object_4,1,/home/dev/workspace/dataset/nedo_dismantling_log/eval/unet_D64_T1000_S20_simple_20260504_204421/simple_A_T8_N6_eta0p0_D2_E100000/epsilon_greedy_00/Object_4/episode_1/rollout_data.pickle,0.0,0.0,100.0,1.7045454533348399,8,"[0.0, 0.0, 0.0, 0.0, 0.0, 0.0, 0.0, 0.0]","[100.0, 100.0, 100.0, 100.0, 100.0, 100.0, 100.0, 100.0]","[0.7211538459371533, 0.7211538459371533, 0.7211538459371533, 0.7211538459371533, 0.7211538459371533, 1.0489510484925915, 1.4423076914409207, 1.7045454533348399]",True,boundary_uniform,0,simple_A,6,8,100000,conditional_diffusion,epsilon_greedy_00,7,1.375,1.375,2.0,2.0
eta_0p0_delta_2,0.0,2,/home/dev/workspace/dataset/nedo_dismantling_log/eval/unet_D64_T1000_S20_simple_20260504_204421/simple_A_T8_N6_eta0p0_D2_E100000/epsilon_greedy_00/condition_metadata.yaml,Object_4,2,/home/dev/workspace/dataset/nedo_dismantling_log/eval/unet_D64_T1000_S20_simple_20260504_204421/simple_A_T8_N6_eta0p0_D2_E100000/epsilon_greedy_00/Object_4/episode_2/rollout_data.pickle,0.0,0.0,100.0,29.999999625000008,8,"[0.0, 0.0, 0.0, 0.0, 0.0, 0.0, 0.0, 0.0]","[100.0, 100.0, 100.0, 100.0, 100.0, 100.0, 100.0, 100.0]","[0.937499999633789, 1.874999998535156, 3.333333328703704, 5.5555555426954735, 12.499999934895833, 14.99999990625, 18.749999853515625, 29.999999625000008]",True,boundary_uniform,0,simple_A,6,8,100000,conditional_diffusion,epsilon_greedy_00,5,1.125,0.875,2.0,2.0
eta_0p0_delta_2,0.0,2,/home/dev/workspace/dataset/nedo_dismantling_log/eval/unet_D64_T1000_S20_simple_20260504_204421/simple_A_T8_N6_eta0p0_D2_E100000/epsilon_greedy_00/condition_metadata.yaml,Object_4,3,/home/dev/workspace/dataset/nedo_dismantling_log/eval/unet_D64_T1000_S20_simple_20260504_204421/simple_A_T8_N6_eta0p0_D2_E100000/epsilon_greedy_00/Object_4/episode_3/rollout_data.pickle,28.0,116.66666666666666,16.666666666666664,22.22222098765439,8,"[0.0, 0.0, 0.0, 12.0, 0.0, 0.0, 16.0, 0.0]","[100.0, 100.0, 100.0, 50.0, 50.0, 50.0, 16.666666666666664, 16.666666666666664]","[0.7812499997456869, 1.5624999989827473, 3.1249999959309895, 4.687499981689453, 12.499999869791669, 16.66666643518519, 16.66666597222225, 22.22222098765439]",True,boundary_uniform,0,simple_A,6,8,100000,conditional_diffusion,epsilon_greedy_00,6,1.375,1.125,2.0,2.0
eta_0p0_delta_2,0.0,2,/home/dev/workspace/dataset/nedo_dismantling_log/eval/unet_D64_T1000_S20_simple_20260504_204421/simple_A_T8_N6_eta0p0_D2_E100000/epsilon_greedy_00/condition_metadata.yaml,Object_4,4,/home/dev/workspace/dataset/nedo_dismantling_log/eval/unet_D64_T1000_S20_simple_20260504_204421/simple_A_T8_N6_eta0p0_D2_E100000/epsilon_greedy_00/Object_4/episode_4/rollout_data.pickle,12.0,50.0,50.0,8.571428510204083,8,"[0.0, 0.0, 0.0, 0.0, 12.0, 0.0, 0.0, 0.0]","[100.0, 100.0, 100.0, 100.0, 50.0, 50.0, 50.0, 50.0]","[0.7211538459371533, 0.7211538459371533, 0.7211538459371533, 0.9615384611532298, 1.1538461527366861, 2.637362631566236, 4.8979591636818, 8.571428510204083]",True,boundary_uniform,0,simple_A,6,8,100000,conditional_diffusion,epsilon_greedy_00,4,1.125,0.875,2.0,2.0
eta_0p0_delta_2,0.0,2,/home/dev/workspace/dataset/nedo_dismantling_log/eval/unet_D64_T1000_S20_simple_20260504_204421/simple_A_T8_N6_eta0p0_D2_E100000/epsilon_greedy_00/condition_metadata.yaml,Object_4,5,/home/dev/workspace/dataset/nedo_dismantling_log/eval/unet_D64_T1000_S20_simple_20260504_204421/simple_A_T8_N6_eta0p0_D2_E100000/epsilon_greedy_00/Object_4/episode_5/rollout_data.pickle,0.0,0.0,100.0,26.666666370370372,8,"[0.0, 0.0, 0.0, 0.0, 0.0, 0.0, 0.0, 0.0]","[100.0, 100.0, 100.0, 100.0, 100.0, 100.0, 100.0, 100.0]","[0.8522727269700736, 1.3636363628615702, 1.9834710727409328, 4.3636363557024795, 9.5999999616, 13.714285635918369, 22.857142639455784, 26.666666370370372]",True,boundary_uniform,0,simple_A,6,8,100000,conditional_diffusion,epsilon_greedy_00,5,1.25,1.125,2.0,2.0
eta_0p0_delta_2,0.0,2,/home/dev/workspace/dataset/nedo_dismantling_log/eval/unet_D64_T1000_S20_simple_20260504_204421/simple_A_T8_N6_eta0p0_D2_E100000/epsilon_greedy_00/condition_metadata.yaml,Object_5,0,/home/dev/workspace/dataset/nedo_dismantling_log/eval/unet_D64_T1000_S20_simple_20260504_204421/simple_A_T8_N6_eta0p0_D2_E100000/epsilon_greedy_00/Object_5/episode_0/rollout_data.pickle,33.0,91.66666666666666,25.0,74.99999375000053,8,"[0.0, 9.0, 0.0, 0.0, 0.0, 24.0, 0.0, 0.0]","[100.0, 75.0, 75.0, 75.0, 75.0, 25.0, 25.0, 25.0]","[1.1718749996185303, 1.7578124988555908, 4.017857136878189, 9.642857108418369, 25.71428546938776, 42.85714081632663, 59.999996000000266, 74.99999375000053]",True,boundary_uniform,0,simple_A,6,8,100000,conditional_diffusion,epsilon_greedy_00,7,1.25,1.125,2.0,2.0
eta_0p0_delta_2,0.0,2,/home/dev/workspace/dataset/nedo_dismantling_log/eval/unet_D64_T1000_S20_simple_20260504_204421/simple_A_T8_N6_eta0p0_D2_E100000/epsilon_greedy_00/condition_metadata.yaml,Object_5,1,/home/dev/workspace/dataset/nedo_dismantling_log/eval/unet_D64_T1000_S20_simple_20260504_204421/simple_A_T8_N6_eta0p0_D2_E100000/epsilon_greedy_00/Object_5/episode_1/rollout_data.pickle,0.0,0.0,100.0,21.428571301020412,8,"[0.0, 0.0, 0.0, 0.0, 0.0, 0.0, 0.0, 0.0]","[100.0, 100.0, 100.0, 100.0, 100.0, 100.0, 100.0, 100.0]","[1.1718749996185303, 2.0833333321277006, 3.1249999972873264, 4.166666661844136, 5.555555546982167, 9.523809498614261, 12.244897917534361, 21.428571301020412]",True,boundary_uniform,0,simple_A,6,8,100000,conditional_diffusion,epsilon_greedy_00,8,1.25,1.25,2.0,2.0
eta_0p0_delta_2,0.0,2,/home/dev/workspace/dataset/nedo_dismantling_log/eval/unet_D64_T1000_S20_simple_20260504_204421/simple_A_T8_N6_eta0p0_D2_E100000/epsilon_greedy_00/condition_metadata.yaml,Object_5,2,/home/dev/workspace/dataset/nedo_dismantling_log/eval/unet_D64_T1000_S20_simple_20260504_204421/simple_A_T8_N6_eta0p0_D2_E100000/epsilon_greedy_00/Object_5/episode_2/rollout_data.pickle,21.0,58.33333333333333,50.0,37.49999921875002,8,"[12.0, 0.0, 0.0, 0.0, 0.0, 0.0, 0.0, 9.0]","[66.66666666666666, 66.66666666666666, 66.66666666666666, 66.66666666666666, 66.66666666666666, 66.66666666666666, 66.66666666666666, 50.0]","[1.0416666662145544, 1.8518518504229537, 3.2921810654428243, 7.407407384545039, 11.111111059670781, 19.999999833333334, 24.999999739583338, 37.49999921875002]",True,boundary_uniform,0,simple_A,6,8,100000,conditional_diffusion,epsilon_greedy_00,6,1.125,1.125,2.0,2.0
eta_0p0_delta_2,0.0,2,/home/dev/workspace/dataset/nedo_dismantling_log/eval/unet_D64_T1000_S20_simple_20260504_204421/simple_A_T8_N6_eta0p0_D2_E100000/epsilon_greedy_00/condition_metadata.yaml,Object_5,3,/home/dev/workspace/dataset/nedo_dismantling_log/eval/unet_D64_T1000_S20_simple_20260504_204421/simple_A_T8_N6_eta0p0_D2_E100000/epsilon_greedy_00/Object_5/episode_3/rollout_data.pickle,39.0,108.33333333333333,16.666666666666664,39.99999733333352,8,"[0.0, 0.0, 9.0, 0.0, 18.0, 0.0, 0.0, 12.0]","[100.0, 100.0, 75.0, 75.0, 25.0, 25.0, 25.0, 16.666666666666664]","[1.2784090904551104, 2.5568181800022596, 3.835227267279507, 6.026785700833067, 16.07142828443878, 21.42857091836736, 29.99999900000003, 39.99999733333352]",True,boundary_uniform,0,simple_A,6,8,100000,conditional_diffusion,epsilon_greedy_00,5,1.0,1.0,2.0,2.0
eta_0p0_delta_2,0.0,2,/home/dev/workspace/dataset/nedo_dismantling_log/eval/unet_D64_T1000_S20_simple_20260504_204421/simple_A_T8_N6_eta0p0_D2_E100000/epsilon_greedy_00/condition_metadata.yaml,Object_5,4,/home/dev/workspace/dataset/nedo_dismantling_log/eval/unet_D64_T1000_S20_simple_20260504_204421/simple_A_T8_N6_eta0p0_D2_E100000/epsilon_greedy_00/Object_5/episode_4/rollout_data.pickle,0.0,0.0,100.0,47.99999936000001,8,"[0.0, 0.0, 0.0, 0.0, 0.0, 0.0, 0.0, 0.0]","[100.0, 100.0, 100.0, 100.0, 100.0, 100.0, 100.0, 100.0]","[1.4062499994506836, 2.812499997802734, 4.499999994375, 14.9999999375, 21.428571301020412, 24.489795751770096, 34.28571395918368, 47.99999936000001]",True,boundary_uniform,0,simple_A,6,8,100000,conditional_diffusion,epsilon_greedy_00,5,0.625,0.625,1.0,1.0
eta_0p0_delta_2,0.0,2,/home/dev/workspace/dataset/nedo_dismantling_log/eval/unet_D64_T1000_S20_simple_20260504_204421/simple_A_T8_N6_eta0p0_D2_E100000/epsilon_greedy_00/condition_metadata.yaml,Object_5,5,/home/dev/workspace/dataset/nedo_dismantling_log/eval/unet_D64_T1000_S20_simple_20260504_204421/simple_A_T8_N6_eta0p0_D2_E100000/epsilon_greedy_00/Object_5/episode_5/rollout_data.pickle,0.0,0.0,100.0,39.99999955555556,8,"[0.0, 0.0, 0.0, 0.0, 0.0, 0.0, 0.0, 0.0]","[100.0, 100.0, 100.0, 100.0, 100.0, 100.0, 100.0, 100.0]","[1.4062499994506836, 2.4999999982638887, 3.999999995555555, 6.666666654320988, 13.33333328395062, 26.6666664691358, 34.28571395918368, 39.99999955555556]",True,boundary_uniform,0,simple_A,6,8,100000,conditional_diffusion,epsilon_greedy_00,8,1.125,1.125,2.0,2.0
eta_0p0_delta_2,0.0,2,/home/dev/workspace/dataset/nedo_dismantling_log/eval/unet_D64_T1000_S20_simple_20260504_204421/simple_A_T8_N6_eta0p0_D2_E100000/epsilon_greedy_00/condition_metadata.yaml,Object_6,0,/home/dev/workspace/dataset/nedo_dismantling_log/eval/unet_D64_T1000_S20_simple_20260504_204421/simple_A_T8_N6_eta0p0_D2_E100000/epsilon_greedy_00/Object_6/episode_0/rollout_data.pickle,0.0,0.0,100.0,4.285714281887755,8,"[0.0, 0.0, 0.0, 0.0, 0.0, 0.0, 0.0, 0.0]","[100.0, 100.0, 100.0, 100.0, 100.0, 100.0, 100.0, 100.0]","[1.4423076918743065, 1.4423076918743065, 1.7751479283375935, 2.097902096985183, 2.7272727257231404, 2.999999998125, 3.4285714261224487, 4.285714281887755]",True,boundary_uniform,0,simple_A,6,8,100000,conditional_diffusion,epsilon_greedy_00,6,1.25,1.0,2.0,2.0
eta_0p0_delta_2,0.0,2,/home/dev/workspace/dataset/nedo_dismantling_log/eval/unet_D64_T1000_S20_simple_20260504_204421/simple_A_T8_N6_eta0p0_D2_E100000/epsilon_greedy_00/condition_metadata.yaml,Object_6,1,/home/dev/workspace/dataset/nedo_dismantling_log/eval/unet_D64_T1000_S20_simple_20260504_204421/simple_A_T8_N6_eta0p0_D2_E100000/epsilon_greedy_00/Object_6/episode_1/rollout_data.pickle,92.0,191.66666666666666,4.166666666666666,99.999950000025,8,"[0.0, 24.0, 0.0, 24.0, 0.0, 12.0, 0.0, 32.0]","[100.0, 50.0, 50.0, 25.0, 25.0, 12.5, 12.5, 4.166666666666666]","[1.874999999267578, 2.4999999973958333, 3.9999999933333337, 9.999999916666667, 16.66666643518519, 49.999995833333685, 74.99999062500117, 99.999950000025]",True,boundary_uniform,0,simple_A,6,8,100000,conditional_diffusion,epsilon_greedy_00,7,1.375,1.375,2.0,2.0
eta_0p0_delta_2,0.0,2,/home/dev/workspace/dataset/nedo_dismantling_log/eval/unet_D64_T1000_S20_simple_20260504_204421/simple_A_T8_N6_eta0p0_D2_E100000/epsilon_greedy_00/condition_metadata.yaml,Object_6,2,/home/dev/workspace/dataset/nedo_dismantling_log/eval/unet_D64_T1000_S20_simple_20260504_204421/simple_A_T8_N6_eta0p0_D2_E100000/epsilon_greedy_00/Object_6/episode_2/rollout_data.pickle,88.0,183.33333333333331,0.0,0.0,8,"[12.0, 0.0, 32.0, 0.0, 0.0, 12.0, 0.0, 32.0]","[75.0, 75.0, 25.0, 25.0, 25.0, 18.75, 18.75, 0.0]","[1.5624999993218318, 3.1249999972873264, 2.7777777713477367, 6.249999967447916, 18.749999707031257, 37.49999843750007, 49.999997222222376, 0.0]",True,boundary_uniform,0,simple_A,6,8,100000,conditional_diffusion,epsilon_greedy_00,6,1.25,1.125,2.0,2.0
eta_0p0_delta_2,0.0,2,/home/dev/workspace/dataset/nedo_dismantling_log/eval/unet_D64_T1000_S20_simple_20260504_204421/simple_A_T8_N6_eta0p0_D2_E100000/epsilon_greedy_00/condition_metadata.yaml,Object_6,3,/home/dev/workspace/dataset/nedo_dismantling_log/eval/unet_D64_T1000_S20_simple_20260504_204421/simple_A_T8_N6_eta0p0_D2_E100000/epsilon_greedy_00/Object_6/episode_3/rollout_data.pickle,52.0,108.33333333333333,25.0,49.99999791666675,8,"[0.0, 0.0, 0.0, 16.0, 12.0, 24.0, 0.0, 0.0]","[100.0, 100.0, 100.0, 66.66666666666666, 50.0, 25.0, 25.0, 25.0]","[1.7045454539401472, 2.7272727257231404, 3.749999997070312, 6.249999987792969, 10.714285666454082, 14.285714115646261, 24.99999947916668, 49.99999791666675]",True,boundary_uniform,0,simple_A,6,8,100000,conditional_diffusion,epsilon_greedy_00,5,1.125,1.125,2.0,2.0
eta_0p0_delta_2,0.0,2,/home/dev/workspace/dataset/nedo_dismantling_log/eval/unet_D64_T1000_S20_simple_20260504_204421/simple_A_T8_N6_eta0p0_D2_E100000/epsilon_greedy_00/condition_metadata.yaml,Object_6,4,/home/dev/workspace/dataset/nedo_dismantling_log/eval/unet_D64_T1000_S20_simple_20260504_204421/simple_A_T8_N6_eta0p0_D2_E100000/epsilon_greedy_00/Object_6/episode_4/rollout_data.pickle,68.0,141.66666666666666,12.5,33.33333148148158,8,"[12.0, 0.0, 32.0, 0.0, 0.0, 24.0, 0.0, 0.0]","[75.0, 75.0, 25.0, 25.0, 25.0, 12.5, 12.5, 12.5]","[1.5624999993218318, 2.7777777756344304, 2.4691357973886094, 5.555555529835391, 11.111111008230454, 16.666666203703716, 24.999998958333375, 33.33333148148158]",True,boundary_uniform,0,simple_A,6,8,100000,conditional_diffusion,epsilon_greedy_00,7,1.625,1.375,2.0,2.0
eta_0p0_delta_2,0.0,2,/home/dev/workspace/dataset/nedo_dismantling_log/eval/unet_D64_T1000_S20_simple_20260504_204421/simple_A_T8_N6_eta0p0_D2_E100000/epsilon_greedy_00/condition_metadata.yaml,Object_6,5,/home/dev/workspace/dataset/nedo_dismantling_log/eval/unet_D64_T1000_S20_simple_20260504_204421/simple_A_T8_N6_eta0p0_D2_E100000/epsilon_greedy_00/Object_6/episode_5/rollout_data.pickle,0.0,0.0,100.0,24.489795793419407,8,"[0.0, 0.0, 0.0, 0.0, 0.0, 0.0, 0.0, 0.0]","[100.0, 100.0, 100.0, 100.0, 100.0, 100.0, 100.0, 100.0]","[1.4423076918743065, 1.4423076918743065, 2.3076923065828403, 4.285714281887755, 8.571428556122449, 12.24489792794669, 21.428571332908163, 24.489795793419407]",True,boundary_uniform,0,simple_A,6,8,100000,conditional_diffusion,epsilon_greedy_00,5,1.25,0.875,2.0,2.0
eta_0p5_delta_2,0.5,2,/home/dev/workspace/dataset/nedo_dismantling_log/eval/unet_D64_T1000_S20_simple_20260504_204421/simple_A_T8_N6_eta0p5_D2_E100000/epsilon_greedy_00/condition_metadata.yaml,Object_4,0,/home/dev/workspace/dataset/nedo_dismantling_log/eval/unet_D64_T1000_S20_simple_20260504_204421/simple_A_T8_N6_eta0p5_D2_E100000/epsilon_greedy_00/Object_4/episode_0/rollout_data.pickle,48.0,200.0,0.0,0.0,8,"[6.0, 8.0, 0.0, 6.0, 12.0, 16.0, 0.0, 0.0]","[75.0, 50.0, 50.0, 33.33333333333333, 16.666666666666664, 0.0, 0.0, 0.0]","[0.7812499996609159, 1.666666664351852, 3.333333324074074, 9.999999875000002, 39.9999960000004, 0.0, 0.0, 0.0]",True,boundary_uniform,0,simple_A,6,8,100000,conditional_diffusion,epsilon_greedy_00,5,1.375,0.875,2.0,2.0
eta_0p5_delta_2,0.5,2,/home/dev/workspace/dataset/nedo_dismantling_log/eval/unet_D64_T1000_S20_simple_20260504_204421/simple_A_T8_N6_eta0p5_D2_E100000/epsilon_greedy_00/condition_metadata.yaml,Object_4,1,/home/dev/workspace/dataset/nedo_dismantling_log/eval/unet_D64_T1000_S20_simple_20260504_204421/simple_A_T8_N6_eta0p5_D2_E100000/epsilon_greedy_00/Object_4/episode_1/rollout_data.pickle,0.0,0.0,100.0,2.99999999625,8,"[0.0, 0.0, 0.0, 0.0, 0.0, 0.0, 0.0, 0.0]","[100.0, 100.0, 100.0, 100.0, 100.0, 100.0, 100.0, 100.0]","[0.7211538459371533, 0.7211538459371533, 0.7211538459371533, 0.7211538459371533, 0.7211538459371533, 1.1538461532914202, 1.4999999990625, 2.99999999625]",True,boundary_uniform,0,simple_A,6,8,100000,conditional_diffusion,epsilon_greedy_00,7,1.375,1.375,2.0,2.0
eta_0p5_delta_2,0.5,2,/home/dev/workspace/dataset/nedo_dismantling_log/eval/unet_D64_T1000_S20_simple_20260504_204421/simple_A_T8_N6_eta0p5_D2_E100000/epsilon_greedy_00/condition_metadata.yaml,Object_4,2,/home/dev/workspace/dataset/nedo_dismantling_log/eval/unet_D64_T1000_S20_simple_20260504_204421/simple_A_T8_N6_eta0p5_D2_E100000/epsilon_greedy_00/Object_4/episode_2/rollout_data.pickle,12.0,50.0,50.0,33.33333240740743,8,"[0.0, 0.0, 0.0, 0.0, 0.0, 0.0, 0.0, 12.0]","[100.0, 100.0, 100.0, 100.0, 100.0, 100.0, 100.0, 50.0]","[0.937499999633789, 1.874999998535156, 3.333333328703704, 5.5555555426954735, 16.666666550925928, 19.999999833333334, 26.666666370370372, 33.33333240740743]",True,boundary_uniform,0,simple_A,6,8,100000,conditional_diffusion,epsilon_greedy_00,6,1.125,1.0,2.0,2.0
eta_0p5_delta_2,0.5,2,/home/dev/workspace/dataset/nedo_dismantling_log/eval/unet_D64_T1000_S20_simple_20260504_204421/simple_A_T8_N6_eta0p5_D2_E100000/epsilon_greedy_00/condition_metadata.yaml,Object_4,3,/home/dev/workspace/dataset/nedo_dismantling_log/eval/unet_D64_T1000_S20_simple_20260504_204421/simple_A_T8_N6_eta0p5_D2_E100000/epsilon_greedy_00/Object_4/episode_3/rollout_data.pickle,52.0,216.66666666666666,0.0,0.0,8,"[0.0, 12.0, 0.0, 12.0, 0.0, 0.0, 12.0, 16.0]","[100.0, 50.0, 50.0, 25.0, 25.0, 25.0, 0.0, 0.0]","[0.7812499997456869, 0.8928571421928145, 2.380952376228269, 3.5714285501700678, 12.49999973958334, 18.749999414062522, 0.0, 0.0]",True,boundary_uniform,0,simple_A,6,8,100000,conditional_diffusion,epsilon_greedy_00,7,1.375,1.375,2.0,2.0
eta_0p5_delta_2,0.5,2,/home/dev/workspace/dataset/nedo_dismantling_log/eval/unet_D64_T1000_S20_simple_20260504_204421/simple_A_T8_N6_eta0p5_D2_E100000/epsilon_greedy_00/condition_metadata.yaml,Object_4,4,/home/dev/workspace/dataset/nedo_dismantling_log/eval/unet_D64_T1000_S20_simple_20260504_204421/simple_A_T8_N6_eta0p5_D2_E100000/epsilon_greedy_00/Object_4/episode_4/rollout_data.pickle,12.0,50.0,50.0,10.71428561862245,8,"[0.0, 0.0, 0.0, 0.0, 12.0, 0.0, 0.0, 0.0]","[100.0, 100.0, 100.0, 100.0, 50.0, 50.0, 50.0, 50.0]","[0.7211538459371533, 0.7211538459371533, 0.7211538459371533, 1.0489510484925915, 1.4423076905741494, 3.2967032876464195, 6.122448948354852, 10.71428561862245]",True,boundary_uniform,0,simple_A,6,8,100000,conditional_diffusion,epsilon_greedy_00,4,1.125,0.875,2.0,2.0
eta_0p5_delta_2,0.5,2,/home/dev/workspace/dataset/nedo_dismantling_log/eval/unet_D64_T1000_S20_simple_20260504_204421/simple_A_T8_N6_eta0p5_D2_E100000/epsilon_greedy_00/condition_metadata.yaml,Object_4,5,/home/dev/workspace/dataset/nedo_dismantling_log/eval/unet_D64_T1000_S20_simple_20260504_204421/simple_A_T8_N6_eta0p5_D2_E100000/epsilon_greedy_00/Object_4/episode_5/rollout_data.pickle,56.0,233.33333333333331,0.0,0.0,8,"[0.0, 0.0, 0.0, 12.0, 24.0, 8.0, 0.0, 12.0]","[100.0, 100.0, 100.0, 50.0, 0.0, 0.0, 0.0, 0.0]","[0.8522727269700736, 1.51515151419498, 2.203856747287551, 4.040404026799987, 0.0, 0.0, 0.0, 0.0]",True,boundary_uniform,0,simple_A,6,8,100000,conditional_diffusion,epsilon_greedy_00,6,1.25,1.25,2.0,2.0
eta_0p5_delta_2,0.5,2,/home/dev/workspace/dataset/nedo_dismantling_log/eval/unet_D64_T1000_S20_simple_20260504_204421/simple_A_T8_N6_eta0p5_D2_E100000/epsilon_greedy_00/condition_metadata.yaml,Object_5,0,/home/dev/workspace/dataset/nedo_dismantling_log/eval/unet_D64_T1000_S20_simple_20260504_204421/simple_A_T8_N6_eta0p5_D2_E100000/epsilon_greedy_00/Object_5/episode_0/rollout_data.pickle,57.0,158.33333333333331,0.0,0.0,8,"[0.0, 9.0, 12.0, 12.0, 0.0, 0.0, 24.0, 0.0]","[100.0, 75.0, 50.0, 33.33333333333333, 33.33333333333333, 33.33333333333333, 0.0, 0.0]","[1.1718749996185303, 1.7578124988555908, 3.1249999945746527, 6.249999967447916, 16.66666643518519, 24.99999947916668, 0.0, 0.0]",True,boundary_uniform,0,simple_A,6,8,100000,conditional_diffusion,epsilon_greedy_00,7,1.25,1.125,2.0,2.0
eta_0p5_delta_2,0.5,2,/home/dev/workspace/dataset/nedo_dismantling_log/eval/unet_D64_T1000_S20_simple_20260504_204421/simple_A_T8_N6_eta0p5_D2_E100000/epsilon_greedy_00/condition_metadata.yaml,Object_5,1,/home/dev/workspace/dataset/nedo_dismantling_log/eval/unet_D64_T1000_S20_simple_20260504_204421/simple_A_T8_N6_eta0p5_D2_E100000/epsilon_greedy_00/Object_5/episode_1/rollout_data.pickle,54.0,150.0,11.11111111111111,33.33333055555579,8,"[0.0, 9.0, 24.0, 0.0, 0.0, 0.0, 12.0, 9.0]","[100.0, 75.0, 25.0, 25.0, 25.0, 25.0, 16.666666666666664, 11.11111111111111]","[1.1718749996185303, 1.7578124988555908, 1.87499999609375, 3.749999984375, 5.99999996, 14.999999750000004, 19.999999333333353, 33.33333055555579]",True,boundary_uniform,0,simple_A,6,8,100000,conditional_diffusion,epsilon_greedy_00,8,1.25,1.25,2.0,2.0
eta_0p5_delta_2,0.5,2,/home/dev/workspace/dataset/nedo_dismantling_log/eval/unet_D64_T1000_S20_simple_20260504_204421/simple_A_T8_N6_eta0p5_D2_E100000/epsilon_greedy_00/condition_metadata.yaml,Object_5,2,/home/dev/workspace/dataset/nedo_dismantling_log/eval/unet_D64_T1000_S20_simple_20260504_204421/simple_A_T8_N6_eta0p5_D2_E100000/epsilon_greedy_00/Object_5/episode_2/rollout_data.pickle,21.0,58.33333333333333,50.0,37.49999921875002,8,"[12.0, 0.0, 0.0, 0.0, 0.0, 0.0, 0.0, 9.0]","[66.66666666666666, 66.66666666666666, 66.66666666666666, 66.66666666666666, 66.66666666666666, 66.66666666666666, 66.66666666666666, 50.0]","[1.0416666662145544, 1.8518518504229537, 3.2921810654428243, 7.407407384545039, 11.111111059670781, 19.999999833333334, 24.999999739583338, 37.49999921875002]",True,boundary_uniform,0,simple_A,6,8,100000,conditional_diffusion,epsilon_greedy_00,6,1.125,1.125,2.0,2.0
eta_0p5_delta_2,0.5,2,/home/dev/workspace/dataset/nedo_dismantling_log/eval/unet_D64_T1000_S20_simple_20260504_204421/simple_A_T8_N6_eta0p5_D2_E100000/epsilon_greedy_00/condition_metadata.yaml,Object_5,3,/home/dev/workspace/dataset/nedo_dismantling_log/eval/unet_D64_T1000_S20_simple_20260504_204421/simple_A_T8_N6_eta0p5_D2_E100000/epsilon_greedy_00/Object_5/episode_3/rollout_data.pickle,39.0,108.33333333333333,16.666666666666664,74.99999062500117,8,"[0.0, 0.0, 9.0, 0.0, 18.0, 0.0, 0.0, 12.0]","[100.0, 100.0, 75.0, 75.0, 25.0, 25.0, 25.0, 16.666666666666664]","[1.2784090904551104, 2.9220779197061053, 4.383116876001434, 6.887755084470013, 18.3673465639317, 25.714284979591863, 44.99999775000011, 74.99999062500117]",True,boundary_uniform,0,simple_A,6,8,100000,conditional_diffusion,epsilon_greedy_00,5,1.0,1.0,2.0,2.0
eta_0p5_delta_2,0.5,2,/home/dev/workspace/dataset/nedo_dismantling_log/eval/unet_D64_T1000_S20_simple_20260504_204421/simple_A_T8_N6_eta0p5_D2_E100000/epsilon_greedy_00/condition_metadata.yaml,Object_5,4,/home/dev/workspace/dataset/nedo_dismantling_log/eval/unet_D64_T1000_S20_simple_20260504_204421/simple_A_T8_N6_eta0p5_D2_E100000/epsilon_greedy_00/Object_5/episode_4/rollout_data.pickle,0.0,0.0,100.0,47.99999936000001,8,"[0.0, 0.0, 0.0, 0.0, 0.0, 0.0, 0.0, 0.0]","[100.0, 100.0, 100.0, 100.0, 100.0, 100.0, 100.0, 100.0]","[1.4062499994506836, 2.812499997802734, 4.499999994375, 14.9999999375, 24.99999982638889, 33.33333302469136, 39.99999955555556, 47.99999936000001]",True,boundary_uniform,0,simple_A,6,8,100000,conditional_diffusion,epsilon_greedy_00,4,0.625,0.5,1.0,1.0
eta_0p5_delta_2,0.5,2,/home/dev/workspace/dataset/nedo_dismantling_log/eval/unet_D64_T1000_S20_simple_20260504_204421/simple_A_T8_N6_eta0p5_D2_E100000/epsilon_greedy_00/condition_metadata.yaml,Object_5,5,/home/dev/workspace/dataset/nedo_dismantling_log/eval/unet_D64_T1000_S20_simple_20260504_204421/simple_A_T8_N6_eta0p5_D2_E100000/epsilon_greedy_00/Object_5/episode_5/rollout_data.pickle,21.0,58.33333333333333,50.0,49.99999861111115,8,"[0.0, 0.0, 0.0, 0.0, 9.0, 12.0, 0.0, 0.0]","[100.0, 100.0, 100.0, 100.0, 75.0, 50.0, 50.0, 50.0]","[1.4062499994506836, 2.812499997802734, 4.499999994375, 7.499999984375, 14.062499926757813, 24.99999965277778, 37.49999921875002, 49.99999861111115]",True,boundary_uniform,0,simple_A,6,8,100000,conditional_diffusion,epsilon_greedy_00,7,1.125,1.0,2.0,2.0
eta_0p5_delta_2,0.5,2,/home/dev/workspace/dataset/nedo_dismantling_log/eval/unet_D64_T1000_S20_simple_20260504_204421/simple_A_T8_N6_eta0p5_D2_E100000/epsilon_greedy_00/condition_metadata.yaml,Object_6,0,/home/dev/workspace/dataset/nedo_dismantling_log/eval/unet_D64_T1000_S20_simple_20260504_204421/simple_A_T8_N6_eta0p5_D2_E100000/epsilon_greedy_00/Object_6/episode_0/rollout_data.pickle,16.0,33.33333333333333,66.66666666666666,4.57142856489796,8,"[0.0, 0.0, 0.0, 0.0, 0.0, 0.0, 0.0, 16.0]","[100.0, 100.0, 100.0, 100.0, 100.0, 100.0, 100.0, 66.66666666666666]","[1.4423076918743065, 1.4423076918743065, 2.097902096985183, 2.8846153828818415, 3.749999997070312, 4.285714281887755, 4.897959178675552, 4.57142856489796]",True,boundary_uniform,0,simple_A,6,8,100000,conditional_diffusion,epsilon_greedy_00,6,1.25,1.0,2.0,2.0
eta_0p5_delta_2,0.5,2,/home/dev/workspace/dataset/nedo_dismantling_log/eval/unet_D64_T1000_S20_simple_20260504_204421/simple_A_T8_N6_eta0p5_D2_E100000/epsilon_greedy_00/condition_metadata.yaml,Object_6,1,/home/dev/workspace/dataset/nedo_dismantling_log/eval/unet_D64_T1000_S20_simple_20260504_204421/simple_A_T8_N6_eta0p5_D2_E100000/epsilon_greedy_00/Object_6/episode_1/rollout_data.pickle,92.0,191.66666666666666,4.166666666666666,99.999950000025,8,"[0.0, 24.0, 0.0, 24.0, 0.0, 12.0, 0.0, 32.0]","[100.0, 50.0, 50.0, 25.0, 25.0, 12.5, 12.5, 4.166666666666666]","[1.874999999267578, 2.4999999973958333, 3.9999999933333337, 9.999999916666667, 16.66666643518519, 49.999995833333685, 74.99999062500117, 99.999950000025]",True,boundary_uniform,0,simple_A,6,8,100000,conditional_diffusion,epsilon_greedy_00,7,1.375,1.375,2.0,2.0
eta_0p5_delta_2,0.5,2,/home/dev/workspace/dataset/nedo_dismantling_log/eval/unet_D64_T1000_S20_simple_20260504_204421/simple_A_T8_N6_eta0p5_D2_E100000/epsilon_greedy_00/condition_metadata.yaml,Object_6,2,/home/dev/workspace/dataset/nedo_dismantling_log/eval/unet_D64_T1000_S20_simple_20260504_204421/simple_A_T8_N6_eta0p5_D2_E100000/epsilon_greedy_00/Object_6/episode_2/rollout_data.pickle,88.0,183.33333333333331,0.0,0.0,8,"[12.0, 0.0, 32.0, 0.0, 0.0, 12.0, 0.0, 32.0]","[75.0, 75.0, 25.0, 25.0, 25.0, 18.75, 18.75, 0.0]","[1.5624999993218318, 3.1249999972873264, 2.7777777713477367, 6.249999967447916, 18.749999707031257, 37.49999843750007, 49.999997222222376, 0.0]",True,boundary_uniform,0,simple_A,6,8,100000,conditional_diffusion,epsilon_greedy_00,6,1.25,1.125,2.0,2.0
eta_0p5_delta_2,0.5,2,/home/dev/workspace/dataset/nedo_dismantling_log/eval/unet_D64_T1000_S20_simple_20260504_204421/simple_A_T8_N6_eta0p5_D2_E100000/epsilon_greedy_00/condition_metadata.yaml,Object_6,3,/home/dev/workspace/dataset/nedo_dismantling_log/eval/unet_D64_T1000_S20_simple_20260504_204421/simple_A_T8_N6_eta0p5_D2_E100000/epsilon_greedy_00/Object_6/episode_3/rollout_data.pickle,64.0,133.33333333333331,0.0,0.0,8,"[0.0, 0.0, 0.0, 16.0, 24.0, 24.0, 0.0, 0.0]","[100.0, 100.0, 100.0, 66.66666666666666, 33.33333333333333, 0.0, 0.0, 0.0]","[1.7045454539401472, 3.03030302838996, 4.166666663049768, 8.333333311631945, 11.11111103395062, 0.0, 0.0, 0.0]",True,boundary_uniform,0,simple_A,6,8,100000,conditional_diffusion,epsilon_greedy_00,5,1.125,1.125,2.0,2.0
eta_0p5_delta_2,0.5,2,/home/dev/workspace/dataset/nedo_dismantling_log/eval/unet_D64_T1000_S20_simple_20260504_204421/simple_A_T8_N6_eta0p5_D2_E100000/epsilon_greedy_00/condition_metadata.yaml,Object_6,4,/home/dev/workspace/dataset/nedo_dismantling_log/eval/unet_D64_T1000_S20_simple_20260504_204421/simple_A_T8_N6_eta0p5_D2_E100000/epsilon_greedy_00/Object_6/episode_4/rollout_data.pickle,68.0,141.66666666666666,12.5,33.33333148148158,8,"[12.0, 0.0, 32.0, 0.0, 0.0, 24.0, 0.0, 0.0]","[75.0, 75.0, 25.0, 25.0, 25.0, 12.5, 12.5, 12.5]","[1.5624999993218318, 2.7777777756344304, 2.4691357973886094, 5.555555529835391, 11.111111008230454, 16.666666203703716, 24.999998958333375, 33.33333148148158]",True,boundary_uniform,0,simple_A,6,8,100000,conditional_diffusion,epsilon_greedy_00,7,1.625,1.375,2.0,2.0
eta_0p5_delta_2,0.5,2,/home/dev/workspace/dataset/nedo_dismantling_log/eval/unet_D64_T1000_S20_simple_20260504_204421/simple_A_T8_N6_eta0p5_D2_E100000/epsilon_greedy_00/condition_metadata.yaml,Object_6,5,/home/dev/workspace/dataset/nedo_dismantling_log/eval/unet_D64_T1000_S20_simple_20260504_204421/simple_A_T8_N6_eta0p5_D2_E100000/epsilon_greedy_00/Object_6/episode_5/rollout_data.pickle,56.0,116.66666666666666,16.666666666666664,53.33332977777802,8,"[0.0, 0.0, 0.0, 32.0, 0.0, 0.0, 0.0, 24.0]","[100.0, 100.0, 100.0, 33.33333333333333, 33.33333333333333, 33.33333333333333, 33.33333333333333, 16.666666666666664]","[1.4423076918743065, 1.4423076918743065, 2.8846153828818415, 7.692307655325443, 15.384615236686392, 24.999999609375006, 39.999999000000024, 53.33332977777802]",True,boundary_uniform,0,simple_A,6,8,100000,conditional_diffusion,epsilon_greedy_00,6,1.25,1.125,2.0,2.0
eta_1p0_delta_2,1.0,2,/home/dev/workspace/dataset/nedo_dismantling_log/eval/unet_D64_T1000_S20_simple_20260504_204421/simple_A_T8_N6_eta1p0_D2_E100000/epsilon_greedy_00/condition_metadata.yaml,Object_4,0,/home/dev/workspace/dataset/nedo_dismantling_log/eval/unet_D64_T1000_S20_simple_20260504_204421/simple_A_T8_N6_eta1p0_D2_E100000/epsilon_greedy_00/Object_4/episode_0/rollout_data.pickle,24.0,100.0,0.0,0.0,8,"[6.0, 0.0, 12.0, 6.0, 0.0, 0.0, 0.0, 0.0]","[75.0, 75.0, 25.0, 0.0, 0.0, 0.0, 0.0, 0.0]","[0.7812499996609159, 1.757812498283386, 1.1718749977111818, 0.0, 0.0, 0.0, 0.0, 0.0]",True,boundary_uniform,0,simple_A,6,8,100000,conditional_diffusion,epsilon_greedy_00,3,1.375,0.5,2.0,2.0
eta_1p0_delta_2,1.0,2,/home/dev/workspace/dataset/nedo_dismantling_log/eval/unet_D64_T1000_S20_simple_20260504_204421/simple_A_T8_N6_eta1p0_D2_E100000/epsilon_greedy_00/condition_metadata.yaml,Object_4,1,/home/dev/workspace/dataset/nedo_dismantling_log/eval/unet_D64_T1000_S20_simple_20260504_204421/simple_A_T8_N6_eta1p0_D2_E100000/epsilon_greedy_00/Object_4/episode_1/rollout_data.pickle,24.0,100.0,0.0,0.0,8,"[0.0, 0.0, 0.0, 0.0, 0.0, 24.0, 0.0, 0.0]","[100.0, 100.0, 100.0, 100.0, 100.0, 0.0, 0.0, 0.0]","[0.7211538459371533, 0.7211538459371533, 0.7211538459371533, 0.7211538459371533, 0.7211538459371533, 0.0, 0.0, 0.0]",True,boundary_uniform,0,simple_A,6,8,100000,conditional_diffusion,epsilon_greedy_00,7,1.375,1.375,2.0,2.0
eta_1p0_delta_2,1.0,2,/home/dev/workspace/dataset/nedo_dismantling_log/eval/unet_D64_T1000_S20_simple_20260504_204421/simple_A_T8_N6_eta1p0_D2_E100000/epsilon_greedy_00/condition_metadata.yaml,Object_4,2,/home/dev/workspace/dataset/nedo_dismantling_log/eval/unet_D64_T1000_S20_simple_20260504_204421/simple_A_T8_N6_eta1p0_D2_E100000/epsilon_greedy_00/Object_4/episode_2/rollout_data.pickle,12.0,50.0,50.0,59.99999700000015,8,"[0.0, 0.0, 0.0, 0.0, 0.0, 0.0, 0.0, 12.0]","[100.0, 100.0, 100.0, 100.0, 100.0, 100.0, 100.0, 50.0]","[0.937499999633789, 2.4999999973958333, 4.999999989583333, 8.333333304398147, 33.33333287037038, 39.99999933333335, 47.99999904000003, 59.99999700000015]",True,boundary_uniform,0,simple_A,6,8,100000,conditional_diffusion,epsilon_greedy_00,6,1.125,1.0,2.0,2.0
eta_1p0_delta_2,1.0,2,/home/dev/workspace/dataset/nedo_dismantling_log/eval/unet_D64_T1000_S20_simple_20260504_204421/simple_A_T8_N6_eta1p0_D2_E100000/epsilon_greedy_00/condition_metadata.yaml,Object_4,3,/home/dev/workspace/dataset/nedo_dismantling_log/eval/unet_D64_T1000_S20_simple_20260504_204421/simple_A_T8_N6_eta1p0_D2_E100000/epsilon_greedy_00/Object_4/episode_3/rollout_data.pickle,8.0,33.33333333333333,66.66666666666666,4.166666655815972,8,"[0.0, 8.0, 0.0, 0.0, 0.0, 0.0, 0.0, 0.0]","[100.0, 66.66666666666666, 66.66666666666666, 66.66666666666666, 66.66666666666666, 66.66666666666666, 66.66666666666666, 66.66666666666666]","[0.7812499997456869, 1.6666666649305555, 4.166666655815972, 4.166666655815972, 4.166666655815972, 4.166666655815972, 4.166666655815972, 4.166666655815972]",True,boundary_uniform,0,simple_A,6,8,100000,conditional_diffusion,epsilon_greedy_00,5,1.375,0.875,2.0,2.0
eta_1p0_delta_2,1.0,2,/home/dev/workspace/dataset/nedo_dismantling_log/eval/unet_D64_T1000_S20_simple_20260504_204421/simple_A_T8_N6_eta1p0_D2_E100000/epsilon_greedy_00/condition_metadata.yaml,Object_4,4,/home/dev/workspace/dataset/nedo_dismantling_log/eval/unet_D64_T1000_S20_simple_20260504_204421/simple_A_T8_N6_eta1p0_D2_E100000/epsilon_greedy_00/Object_4/episode_4/rollout_data.pickle,12.0,50.0,50.0,8.333333275462964,8,"[0.0, 0.0, 0.0, 0.0, 0.0, 12.0, 0.0, 0.0]","[100.0, 100.0, 100.0, 100.0, 100.0, 50.0, 50.0, 50.0]","[0.7211538459371533, 0.7211538459371533, 0.7211538459371533, 1.4423076914409207, 2.5641025613631383, 3.333333324074074, 8.333333275462964, 8.333333275462964]",True,boundary_uniform,0,simple_A,6,8,100000,conditional_diffusion,epsilon_greedy_00,4,1.125,0.875,2.0,2.0
eta_1p0_delta_2,1.0,2,/home/dev/workspace/dataset/nedo_dismantling_log/eval/unet_D64_T1000_S20_simple_20260504_204421/simple_A_T8_N6_eta1p0_D2_E100000/epsilon_greedy_00/condition_metadata.yaml,Object_4,5,/home/dev/workspace/dataset/nedo_dismantling_log/eval/unet_D64_T1000_S20_simple_20260504_204421/simple_A_T8_N6_eta1p0_D2_E100000/epsilon_greedy_00/Object_4/episode_5/rollout_data.pickle,48.0,200.0,0.0,0.0,8,"[0.0, 0.0, 0.0, 24.0, 12.0, 12.0, 0.0, 0.0]","[100.0, 100.0, 100.0, 0.0, 0.0, 0.0, 0.0, 0.0]","[0.8522727269700736, 1.7045454533348399, 2.7272727241735537, 0.0, 0.0, 0.0, 0.0, 0.0]",True,boundary_uniform,0,simple_A,6,8,100000,conditional_diffusion,epsilon_greedy_00,6,1.25,1.25,2.0,2.0
eta_1p0_delta_2,1.0,2,/home/dev/workspace/dataset/nedo_dismantling_log/eval/unet_D64_T1000_S20_simple_20260504_204421/simple_A_T8_N6_eta1p0_D2_E100000/epsilon_greedy_00/condition_metadata.yaml,Object_5,0,/home/dev/workspace/dataset/nedo_dismantling_log/eval/unet_D64_T1000_S20_simple_20260504_204421/simple_A_T8_N6_eta1p0_D2_E100000/epsilon_greedy_00/Object_5/episode_0/rollout_data.pickle,36.0,99.99999999999999,33.33333333333333,6.249999967447916,8,"[0.0, 12.0, 0.0, 24.0, 0.0, 0.0, 0.0, 0.0]","[100.0, 66.66666666666666, 66.66666666666666, 33.33333333333333, 33.33333333333333, 33.33333333333333, 33.33333333333333, 33.33333333333333]","[1.1718749996185303, 2.083333331524884, 4.16666665943287, 3.124999991861979, 6.249999967447916, 6.249999967447916, 6.249999967447916, 6.249999967447916]",True,boundary_uniform,0,simple_A,6,8,100000,conditional_diffusion,epsilon_greedy_00,7,1.25,1.25,2.0,2.0
eta_1p0_delta_2,1.0,2,/home/dev/workspace/dataset/nedo_dismantling_log/eval/unet_D64_T1000_S20_simple_20260504_204421/simple_A_T8_N6_eta1p0_D2_E100000/epsilon_greedy_00/condition_metadata.yaml,Object_5,1,/home/dev/workspace/dataset/nedo_dismantling_log/eval/unet_D64_T1000_S20_simple_20260504_204421/simple_A_T8_N6_eta1p0_D2_E100000/epsilon_greedy_00/Object_5/episode_1/rollout_data.pickle,48.0,133.33333333333331,0.0,0.0,8,"[0.0, 24.0, 0.0, 0.0, 0.0, 0.0, 0.0, 24.0]","[100.0, 33.33333333333333, 33.33333333333333, 33.33333333333333, 33.33333333333333, 33.33333333333333, 33.33333333333333, 0.0]","[1.1718749996185303, 1.2499999986979167, 1.5624999979654948, 2.083333329716435, 3.124999991861979, 6.249999967447916, 6.249999967447916, 0.0]",True,boundary_uniform,0,simple_A,6,8,100000,conditional_diffusion,epsilon_greedy_00,6,1.25,0.875,2.0,2.0
eta_1p0_delta_2,1.0,2,/home/dev/workspace/dataset/nedo_dismantling_log/eval/unet_D64_T1000_S20_simple_20260504_204421/simple_A_T8_N6_eta1p0_D2_E100000/epsilon_greedy_00/condition_metadata.yaml,Object_5,2,/home/dev/workspace/dataset/nedo_dismantling_log/eval/unet_D64_T1000_S20_simple_20260504_204421/simple_A_T8_N6_eta1p0_D2_E100000/epsilon_greedy_00/Object_5/episode_2/rollout_data.pickle,36.0,99.99999999999999,0.0,0.0,8,"[12.0, 12.0, 12.0, 0.0, 0.0, 0.0, 0.0, 0.0]","[66.66666666666666, 33.33333333333333, 0.0, 0.0, 0.0, 0.0, 0.0, 0.0]","[1.0416666662145544, 4.687499981689453, 0.0, 0.0, 0.0, 0.0, 0.0, 0.0]",True,boundary_uniform,0,simple_A,6,8,100000,conditional_diffusion,epsilon_greedy_00,4,1.125,0.875,2.0,2.0
eta_1p0_delta_2,1.0,2,/home/dev/workspace/dataset/nedo_dismantling_log/eval/unet_D64_T1000_S20_simple_20260504_204421/simple_A_T8_N6_eta1p0_D2_E100000/epsilon_greedy_00/condition_metadata.yaml,Object_5,3,/home/dev/workspace/dataset/nedo_dismantling_log/eval/unet_D64_T1000_S20_simple_20260504_204421/simple_A_T8_N6_eta1p0_D2_E100000/epsilon_greedy_00/Object_5/episode_3/rollout_data.pickle,48.0,133.33333333333331,0.0,0.0,8,"[0.0, 12.0, 0.0, 12.0, 24.0, 0.0, 0.0, 0.0]","[100.0, 66.66666666666666, 66.66666666666666, 33.33333333333333, 0.0, 0.0, 0.0, 0.0]","[1.2784090904551104, 2.2727272705750687, 4.54545453684573, 3.4090908994059923, 0.0, 0.0, 0.0, 0.0]",True,boundary_uniform,0,simple_A,6,8,100000,conditional_diffusion,epsilon_greedy_00,3,1.0,0.625,2.0,2.0
eta_1p0_delta_2,1.0,2,/home/dev/workspace/dataset/nedo_dismantling_log/eval/unet_D64_T1000_S20_simple_20260504_204421/simple_A_T8_N6_eta1p0_D2_E100000/epsilon_greedy_00/condition_metadata.yaml,Object_5,4,/home/dev/workspace/dataset/nedo_dismantling_log/eval/unet_D64_T1000_S20_simple_20260504_204421/simple_A_T8_N6_eta1p0_D2_E100000/epsilon_greedy_00/Object_5/episode_4/rollout_data.pickle,36.0,99.99999999999999,33.33333333333333,7.499999953125,8,"[0.0, 12.0, 0.0, 0.0, 0.0, 0.0, 0.0, 24.0]","[100.0, 66.66666666666666, 66.66666666666666, 66.66666666666666, 66.66666666666666, 66.66666666666666, 66.66666666666666, 33.33333333333333]","[1.4062499994506836, 2.4999999973958333, 7.499999976562501, 7.499999976562501, 7.499999976562501, 7.499999976562501, 7.499999976562501, 7.499999953125]",True,boundary_uniform,0,simple_A,6,8,100000,conditional_diffusion,epsilon_greedy_00,4,0.625,0.5,1.0,1.0
eta_1p0_delta_2,1.0,2,/home/dev/workspace/dataset/nedo_dismantling_log/eval/unet_D64_T1000_S20_simple_20260504_204421/simple_A_T8_N6_eta1p0_D2_E100000/epsilon_greedy_00/condition_metadata.yaml,Object_5,5,/home/dev/workspace/dataset/nedo_dismantling_log/eval/unet_D64_T1000_S20_simple_20260504_204421/simple_A_T8_N6_eta1p0_D2_E100000/epsilon_greedy_00/Object_5/episode_5/rollout_data.pickle,18.0,50.0,50.0,22.499999718750004,8,"[0.0, 0.0, 0.0, 0.0, 9.0, 9.0, 0.0, 0.0]","[100.0, 100.0, 100.0, 100.0, 75.0, 50.0, 50.0, 50.0]","[1.4062499994506836, 2.812499997802734, 4.999999993055555, 9.999999972222222, 22.4999998125, 22.499999718750004, 22.499999718750004, 22.499999718750004]",True,boundary_uniform,0,simple_A,6,8,100000,conditional_diffusion,epsilon_greedy_00,7,1.125,1.0,2.0,2.0
eta_1p0_delta_2,1.0,2,/home/dev/workspace/dataset/nedo_dismantling_log/eval/unet_D64_T1000_S20_simple_20260504_204421/simple_A_T8_N6_eta1p0_D2_E100000/epsilon_greedy_00/condition_metadata.yaml,Object_6,0,/home/dev/workspace/dataset/nedo_dismantling_log/eval/unet_D64_T1000_S20_simple_20260504_204421/simple_A_T8_N6_eta1p0_D2_E100000/epsilon_greedy_00/Object_6/episode_0/rollout_data.pickle,36.0,75.0,25.0,11.538461427514795,8,"[0.0, 0.0, 0.0, 24.0, 0.0, 12.0, 0.0, 0.0]","[100.0, 100.0, 100.0, 50.0, 50.0, 25.0, 25.0, 25.0]","[1.4423076918743065, 1.4423076918743065, 2.8846153828818415, 3.846153839990138, 11.538461482988167, 11.538461427514795, 11.538461427514795, 11.538461427514795]",True,boundary_uniform,0,simple_A,6,8,100000,conditional_diffusion,epsilon_greedy_00,3,1.25,0.625,2.0,2.0
eta_1p0_delta_2,1.0,2,/home/dev/workspace/dataset/nedo_dismantling_log/eval/unet_D64_T1000_S20_simple_20260504_204421/simple_A_T8_N6_eta1p0_D2_E100000/epsilon_greedy_00/condition_metadata.yaml,Object_6,1,/home/dev/workspace/dataset/nedo_dismantling_log/eval/unet_D64_T1000_S20_simple_20260504_204421/simple_A_T8_N6_eta1p0_D2_E100000/epsilon_greedy_00/Object_6/episode_1/rollout_data.pickle,60.0,125.0,0.0,0.0,8,"[0.0, 48.0, 12.0, 0.0, 0.0, 0.0, 0.0, 0.0]","[100.0, 0.0, 0.0, 0.0, 0.0, 0.0, 0.0, 0.0]","[1.874999999267578, 0.0, 0.0, 0.0, 0.0, 0.0, 0.0, 0.0]",True,boundary_uniform,0,simple_A,6,8,100000,conditional_diffusion,epsilon_greedy_00,4,1.375,0.75,2.0,2.0
eta_1p0_delta_2,1.0,2,/home/dev/workspace/dataset/nedo_dismantling_log/eval/unet_D64_T1000_S20_simple_20260504_204421/simple_A_T8_N6_eta1p0_D2_E100000/epsilon_greedy_00/condition_metadata.yaml,Object_6,2,/home/dev/workspace/dataset/nedo_dismantling_log/eval/unet_D64_T1000_S20_simple_20260504_204421/simple_A_T8_N6_eta1p0_D2_E100000/epsilon_greedy_00/Object_6/episode_2/rollout_data.pickle,48.0,100.0,0.0,0.0,8,"[12.0, 0.0, 36.0, 0.0, 0.0, 0.0, 0.0, 0.0]","[75.0, 75.0, 0.0, 0.0, 0.0, 0.0, 0.0, 0.0]","[1.5624999993218318, 4.687499993896484, 0.0, 0.0, 0.0, 0.0, 0.0, 0.0]",True,boundary_uniform,0,simple_A,6,8,100000,conditional_diffusion,epsilon_greedy_00,5,1.25,0.875,2.0,2.0
eta_1p0_delta_2,1.0,2,/home/dev/workspace/dataset/nedo_dismantling_log/eval/unet_D64_T1000_S20_simple_20260504_204421/simple_A_T8_N6_eta1p0_D2_E100000/epsilon_greedy_00/condition_metadata.yaml,Object_6,3,/home/dev/workspace/dataset/nedo_dismantling_log/eval/unet_D64_T1000_S20_simple_20260504_204421/simple_A_T8_N6_eta1p0_D2_E100000/epsilon_greedy_00/Object_6/episode_3/rollout_data.pickle,48.0,100.0,0.0,0.0,8,"[0.0, 36.0, 0.0, 12.0, 0.0, 0.0, 0.0, 0.0]","[100.0, 25.0, 25.0, 0.0, 0.0, 0.0, 0.0, 0.0]","[1.7045454539401472, 1.3636363620867769, 1.7045454521242251, 0.0, 0.0, 0.0, 0.0, 0.0]",True,boundary_uniform,0,simple_A,6,8,100000,conditional_diffusion,epsilon_greedy_00,4,1.125,0.875,2.0,2.0
eta_1p0_delta_2,1.0,2,/home/dev/workspace/dataset/nedo_dismantling_log/eval/unet_D64_T1000_S20_simple_20260504_204421/simple_A_T8_N6_eta1p0_D2_E100000/epsilon_greedy_00/condition_metadata.yaml,Object_6,4,/home/dev/workspace/dataset/nedo_dismantling_log/eval/unet_D64_T1000_S20_simple_20260504_204421/simple_A_T8_N6_eta1p0_D2_E100000/epsilon_greedy_00/Object_6/episode_4/rollout_data.pickle,24.0,50.0,50.0,4.687499990844727,8,"[12.0, 12.0, 0.0, 0.0, 0.0, 0.0, 0.0, 0.0]","[75.0, 50.0, 50.0, 50.0, 50.0, 50.0, 50.0, 50.0]","[1.5624999993218318, 4.687499990844727, 4.687499990844727, 4.687499990844727, 4.687499990844727, 4.687499990844727, 4.687499990844727, 4.687499990844727]",True,boundary_uniform,0,simple_A,6,8,100000,conditional_diffusion,epsilon_greedy_00,7,1.625,1.375,2.0,2.0
eta_1p0_delta_2,1.0,2,/home/dev/workspace/dataset/nedo_dismantling_log/eval/unet_D64_T1000_S20_simple_20260504_204421/simple_A_T8_N6_eta1p0_D2_E100000/epsilon_greedy_00/condition_metadata.yaml,Object_6,5,/home/dev/workspace/dataset/nedo_dismantling_log/eval/unet_D64_T1000_S20_simple_20260504_204421/simple_A_T8_N6_eta1p0_D2_E100000/epsilon_greedy_00/Object_6/episode_5/rollout_data.pickle,64.0,133.33333333333331,0.0,0.0,8,"[0.0, 0.0, 32.0, 32.0, 0.0, 0.0, 0.0, 0.0]","[100.0, 100.0, 33.33333333333333, 0.0, 0.0, 0.0, 0.0, 0.0]","[1.4423076918743065, 1.4423076918743065, 1.2820512810239972, 0.0, 0.0, 0.0, 0.0, 0.0]",True,boundary_uniform,0,simple_A,6,8,100000,conditional_diffusion,epsilon_greedy_00,6,1.25,1.125,2.0,2.0
